Year,Month,Company,Checking or savings account,Credit card or prepaid card,"Credit reporting, credit repair services, or other personal consumer reports",Debt collection,"Money transfer, virtual currency, or money service",Mortgage,"Payday loan, title loan, or personal loan",Student loan,Vehicle loan or lease,Total
2011,12,"BANK OF AMERICA, NATIONAL ASSOCIATION",0,164,0,0,0,419,0,0,0,583
2011,12,CAPITAL ONE FINANCIAL CORPORATION,0,237,0,0,0,9,0,0,0,246
2011,12,"CITIBANK, N.A.",0,235,0,0,0,71,0,0,0,306
2011,12,JPMORGAN CHASE & CO.,0,193,0,0,0,181,0,0,0,374
2011,12,Ocwen Financial Corporation,0,0,0,0,0,54,0,0,0,54
2011,12,WELLS FARGO & COMPANY,0,38,0,0,0,220,0,0,0,258
2012,1,"BANK OF AMERICA, NATIONAL ASSOCIATION",0,170,0,0,0,595,0,0,0,765
2012,1,CAPITAL ONE FINANCIAL CORPORATION,0,214,0,0,0,4,0,0,0,218
2012,1,"CITIBANK, N.A.",0,220,0,0,0,102,0,0,0,322
2012,1,JPMORGAN CHASE & CO.,0,163,0,0,0,231,0,0,0,394
2012,1,Ocwen Financial Corporation,0,0,0,0,0,192,0,0,0,192
2012,1,WELLS FARGO & COMPANY,0,52,0,0,0,352,0,0,0,404
2012,2,"BANK OF AMERICA, NATIONAL ASSOCIATION",0,160,0,0,0,642,0,0,0,802
2012,2,CAPITAL ONE FINANCIAL CORPORATION,0,243,0,0,0,13,0,0,0,256
2012,2,"CITIBANK, N.A.",0,233,0,0,0,100,0,0,0,333
2012,2,JPMORGAN CHASE & CO.,0,159,0,0,0,231,0,0,0,390
2012,2,Ocwen Financial Corporation,0,0,0,0,0,282,0,0,0,282
2012,2,WELLS FARGO & COMPANY,0,39,0,0,0,366,0,0,0,405
2012,3,"BANK OF AMERICA, NATIONAL ASSOCIATION",183,192,0,0,0,927,11,5,0,1318
2012,3,CAPITAL ONE FINANCIAL CORPORATION,34,265,0,0,0,18,14,0,0,331
2012,3,"CITIBANK, N.A.",37,268,0,0,0,144,3,41,0,493
2012,3,JPMORGAN CHASE & CO.,125,179,0,0,0,311,9,27,0,651
2012,3,"Navient Solutions, LLC.",1,0,0,0,0,0,1,250,0,252
2012,3,Ocwen Financial Corporation,0,0,0,0,0,242,0,0,0,242
2012,3,WELLS FARGO & COMPANY,219,68,0,0,0,530,27,36,0,880
2012,4,"BANK OF AMERICA, NATIONAL ASSOCIATION",218,169,0,0,0,920,12,5,0,1324
2012,4,CAPITAL ONE FINANCIAL CORPORATION,30,231,0,0,0,20,14,0,0,295
2012,4,"CITIBANK, N.A.",39,245,0,0,0,160,7,27,0,478
2012,4,JPMORGAN CHASE & CO.,135,139,0,0,0,343,13,11,0,641
2012,4,"Navient Solutions, LLC.",0,0,0,0,0,0,0,92,0,92
2012,4,Ocwen Financial Corporation,0,0,0,0,0,218,0,0,0,218
2012,4,WELLS FARGO & COMPANY,248,67,0,0,0,470,34,23,0,842
2012,5,"BANK OF AMERICA, NATIONAL ASSOCIATION",279,199,0,0,0,1411,8,1,0,1898
2012,5,CAPITAL ONE FINANCIAL CORPORATION,58,302,0,0,0,21,20,0,0,401
2012,5,"CITIBANK, N.A.",46,288,0,0,0,170,14,22,0,540
2012,5,JPMORGAN CHASE & CO.,176,222,0,0,0,483,21,9,0,911
2012,5,"Navient Solutions, LLC.",0,0,0,0,0,0,0,60,0,60
2012,5,Ocwen Financial Corporation,0,0,0,0,0,325,0,0,0,325
2012,5,WELLS FARGO & COMPANY,346,78,0,0,0,602,61,9,0,1096
2012,6,"BANK OF AMERICA, NATIONAL ASSOCIATION",217,235,0,0,0,1303,17,6,0,1778
2012,6,CAPITAL ONE FINANCIAL CORPORATION,60,349,0,0,0,20,19,0,0,448
2012,6,"CITIBANK, N.A.",37,345,0,0,0,171,10,51,0,614
2012,6,JPMORGAN CHASE & CO.,175,240,0,0,0,344,16,32,0,807
2012,6,"Navient Solutions, LLC.",0,0,0,0,0,0,1,275,0,276
2012,6,Ocwen Financial Corporation,0,0,0,0,0,496,0,0,0,496
2012,6,WELLS FARGO & COMPANY,253,72,0,0,0,522,42,41,0,930
2012,7,"BANK OF AMERICA, NATIONAL ASSOCIATION",230,211,0,0,0,1067,15,4,0,1527
2012,7,CAPITAL ONE FINANCIAL CORPORATION,51,343,0,0,0,24,15,0,0,433
2012,7,"CITIBANK, N.A.",42,267,0,0,0,166,13,17,0,505
2012,7,JPMORGAN CHASE & CO.,134,213,0,0,0,309,19,15,0,690
2012,7,"Navient Solutions, LLC.",0,0,0,0,0,0,0,101,0,101
2012,7,Ocwen Financial Corporation,2,0,0,0,0,373,0,0,0,375
2012,7,WELLS FARGO & COMPANY,251,51,0,0,0,551,29,28,0,910
2012,8,"BANK OF AMERICA, NATIONAL ASSOCIATION",204,164,0,0,0,1242,11,1,0,1622
2012,8,CAPITAL ONE FINANCIAL CORPORATION,51,273,0,0,0,12,14,1,0,351
2012,8,"CITIBANK, N.A.",34,238,0,0,0,178,15,21,0,486
2012,8,JPMORGAN CHASE & CO.,127,166,0,0,0,369,12,15,0,689
2012,8,"Navient Solutions, LLC.",0,0,0,0,0,0,1,70,0,71
2012,8,Ocwen Financial Corporation,0,1,0,0,0,426,0,0,0,427
2012,8,WELLS FARGO & COMPANY,220,56,0,0,0,569,43,17,0,905
2012,9,"BANK OF AMERICA, NATIONAL ASSOCIATION",167,141,0,0,0,965,17,2,0,1292
2012,9,CAPITAL ONE FINANCIAL CORPORATION,40,178,0,0,0,11,12,0,0,241
2012,9,"CITIBANK, N.A.",38,209,0,0,0,143,6,15,0,411
2012,9,JPMORGAN CHASE & CO.,132,117,0,0,0,262,10,13,0,534
2012,9,"Navient Solutions, LLC.",0,0,0,0,0,0,0,74,0,74
2012,9,Ocwen Financial Corporation,0,0,0,0,0,289,0,0,0,289
2012,9,WELLS FARGO & COMPANY,199,46,0,0,0,458,28,16,0,747
2012,10,"BANK OF AMERICA, NATIONAL ASSOCIATION",225,184,0,0,0,1030,15,0,0,1454
2012,10,CAPITAL ONE FINANCIAL CORPORATION,39,270,3,0,0,17,20,0,0,349
2012,10,"CITIBANK, N.A.",32,239,2,0,0,162,2,10,0,447
2012,10,"EQUIFAX, INC.",0,0,125,0,0,2,0,0,0,127
2012,10,Experian Information Solutions Inc.,1,0,144,0,0,1,0,0,0,146
2012,10,JPMORGAN CHASE & CO.,132,136,3,0,0,267,12,20,0,570
2012,10,"Navient Solutions, LLC.",0,0,0,0,0,0,1,109,0,110
2012,10,Ocwen Financial Corporation,2,0,0,0,0,341,1,0,0,344
2012,10,"TRANSUNION INTERMEDIATE HOLDINGS, INC.",0,0,78,0,0,0,0,0,0,78
2012,10,WELLS FARGO & COMPANY,202,55,1,0,0,508,44,17,0,827
2012,11,"BANK OF AMERICA, NATIONAL ASSOCIATION",162,121,6,0,0,847,13,2,0,1151
2012,11,CAPITAL ONE FINANCIAL CORPORATION,44,198,4,0,0,19,10,0,0,275
2012,11,"CITIBANK, N.A.",22,218,2,0,0,136,6,9,0,393
2012,11,"EQUIFAX, INC.",1,3,260,0,0,0,1,0,0,265
2012,11,Experian Information Solutions Inc.,1,1,299,0,0,1,0,0,0,302
2012,11,JPMORGAN CHASE & CO.,96,118,1,0,0,230,11,9,0,465
2012,11,"Navient Solutions, LLC.",0,0,0,0,0,0,0,105,0,105
2012,11,Ocwen Financial Corporation,0,0,0,0,0,293,2,0,0,295
2012,11,"TRANSUNION INTERMEDIATE HOLDINGS, INC.",0,0,183,0,0,0,0,0,0,183
2012,11,WELLS FARGO & COMPANY,174,40,1,0,0,454,28,13,0,710
2012,12,"BANK OF AMERICA, NATIONAL ASSOCIATION",152,139,3,0,0,813,8,2,0,1117
2012,12,CAPITAL ONE FINANCIAL CORPORATION,35,197,2,0,0,26,19,0,0,279
2012,12,"CITIBANK, N.A.",30,214,2,0,0,143,11,11,0,411
2012,12,"EQUIFAX, INC.",0,1,226,0,0,3,0,0,0,230
2012,12,Experian Information Solutions Inc.,0,3,273,0,0,1,1,0,0,278
2012,12,JPMORGAN CHASE & CO.,88,102,0,0,0,335,11,11,0,547
2012,12,"Navient Solutions, LLC.",0,0,0,0,0,0,0,68,0,68
2012,12,Ocwen Financial Corporation,1,0,0,0,0,276,0,0,0,277
2012,12,"TRANSUNION INTERMEDIATE HOLDINGS, INC.",0,0,203,0,0,0,0,0,0,203
2012,12,WELLS FARGO & COMPANY,159,39,3,0,0,544,40,11,0,796
2013,1,"BANK OF AMERICA, NATIONAL ASSOCIATION",205,151,4,0,0,2002,15,1,0,2378
2013,1,CAPITAL ONE FINANCIAL CORPORATION,52,231,4,0,0,16,16,0,0,319
2013,1,"CITIBANK, N.A.",30,249,5,0,0,248,9,7,0,548
2013,1,"EQUIFAX, INC.",0,1,269,0,0,0,1,0,0,271
2013,1,Experian Information Solutions Inc.,0,3,363,0,0,0,0,0,0,366
2013,1,JPMORGAN CHASE & CO.,120,107,0,0,0,501,19,11,0,758
2013,1,"Navient Solutions, LLC.",0,0,0,0,0,0,0,108,0,108
2013,1,Ocwen Financial Corporation,2,0,0,0,0,641,1,0,0,644
2013,1,"TRANSUNION INTERMEDIATE HOLDINGS, INC.",0,0,230,0,0,0,0,0,0,230
2013,1,WELLS FARGO & COMPANY,213,46,3,0,0,990,34,24,0,1310
2013,2,"BANK OF AMERICA, NATIONAL ASSOCIATION",171,149,1,0,0,1681,16,0,0,2018
2013,2,CAPITAL ONE FINANCIAL CORPORATION,39,230,6,0,0,28,5,0,0,308
2013,2,"CITIBANK, N.A.",34,205,4,0,0,213,10,5,0,471
2013,2,"EQUIFAX, INC.",0,3,368,0,0,0,1,0,0,372
2013,2,Experian Information Solutions Inc.,0,4,387,0,0,0,1,0,0,392
2013,2,JPMORGAN CHASE & CO.,118,132,0,0,0,415,12,11,0,688
2013,2,"Navient Solutions, LLC.",0,0,0,0,0,1,0,103,0,104
2013,2,Ocwen Financial Corporation,1,2,0,0,0,372,0,0,0,375
2013,2,"TRANSUNION INTERMEDIATE HOLDINGS, INC.",0,0,264,0,0,0,0,0,0,264
2013,2,WELLS FARGO & COMPANY,183,48,1,0,0,591,28,23,0,874
2013,3,"BANK OF AMERICA, NATIONAL ASSOCIATION",173,135,0,0,0,1259,11,1,0,1579
2013,3,CAPITAL ONE FINANCIAL CORPORATION,38,222,2,0,0,28,21,0,0,311
2013,3,"CITIBANK, N.A.",33,242,3,0,0,257,5,11,0,551
2013,3,"EQUIFAX, INC.",1,0,378,0,0,0,2,0,0,381
2013,3,Experian Information Solutions Inc.,0,0,420,0,0,0,0,0,0,420
2013,3,JPMORGAN CHASE & CO.,128,185,0,0,0,511,13,17,0,854
2013,3,"Navient Solutions, LLC.",0,0,0,0,0,0,0,102,0,102
2013,3,Ocwen Financial Corporation,3,0,1,0,0,397,1,0,0,402
2013,3,"TRANSUNION INTERMEDIATE HOLDINGS, INC.",0,0,268,0,0,0,0,0,0,268
2013,3,WELLS FARGO & COMPANY,248,69,1,0,0,748,31,18,0,1115
2013,4,"BANK OF AMERICA, NATIONAL ASSOCIATION",169,140,2,0,2,1237,9,2,0,1561
2013,4,CAPITAL ONE FINANCIAL CORPORATION,37,219,3,0,1,19,10,0,0,289
2013,4,"CITIBANK, N.A.",30,237,2,0,2,250,15,7,0,543
2013,4,"EQUIFAX, INC.",0,2,399,0,0,1,0,0,0,402
2013,4,Experian Information Solutions Inc.,1,1,441,0,0,1,0,0,0,444
2013,4,JPMORGAN CHASE & CO.,108,134,1,0,2,494,21,11,0,771
2013,4,"Navient Solutions, LLC.",0,0,0,0,0,0,0,101,0,101
2013,4,Ocwen Financial Corporation,1,0,1,0,0,424,0,0,0,426
2013,4,"TRANSUNION INTERMEDIATE HOLDINGS, INC.",0,0,278,0,0,0,0,0,0,278
2013,4,WELLS FARGO & COMPANY,189,49,2,0,3,777,31,16,0,1067
2013,5,"BANK OF AMERICA, NATIONAL ASSOCIATION",184,150,1,0,3,1113,6,1,0,1458
2013,5,CAPITAL ONE FINANCIAL CORPORATION,26,183,2,0,0,15,17,0,0,243
2013,5,"CITIBANK, N.A.",25,205,3,0,1,218,8,5,0,465
2013,5,"EQUIFAX, INC.",1,2,384,0,0,0,0,0,0,387
2013,5,Experian Information Solutions Inc.,1,1,460,0,0,0,0,0,0,462
2013,5,JPMORGAN CHASE & CO.,101,117,0,0,3,430,10,12,0,673
2013,5,"Navient Solutions, LLC.",0,0,0,0,0,0,0,90,0,90
2013,5,Ocwen Financial Corporation,1,0,1,0,0,412,1,0,0,415
2013,5,"TRANSUNION INTERMEDIATE HOLDINGS, INC.",0,0,324,0,0,0,0,0,0,324
2013,5,WELLS FARGO & COMPANY,180,52,2,0,4,730,28,14,0,1010
2013,6,"BANK OF AMERICA, NATIONAL ASSOCIATION",175,131,0,0,4,1209,7,0,0,1526
2013,6,CAPITAL ONE FINANCIAL CORPORATION,27,181,3,0,0,17,16,0,0,244
2013,6,"CITIBANK, N.A.",36,186,4,0,1,210,13,5,0,455
2013,6,"EQUIFAX, INC.",0,2,373,0,0,0,1,0,0,376
2013,6,Experian Information Solutions Inc.,2,2,405,0,0,1,0,1,0,411
2013,6,JPMORGAN CHASE & CO.,117,102,0,0,0,390,16,8,0,633
2013,6,"Navient Solutions, LLC.",0,0,0,0,0,0,0,75,0,75
2013,6,Ocwen Financial Corporation,1,0,1,0,0,338,0,0,0,340
2013,6,"TRANSUNION INTERMEDIATE HOLDINGS, INC.",0,0,289,0,0,0,0,0,0,289
2013,6,WELLS FARGO & COMPANY,162,47,3,0,8,645,28,18,0,911
2013,7,"BANK OF AMERICA, NATIONAL ASSOCIATION",206,116,0,18,3,989,14,3,0,1349
2013,7,CAPITAL ONE FINANCIAL CORPORATION,31,173,12,25,0,12,16,0,0,269
2013,7,"CITIBANK, N.A.",44,197,8,25,1,248,3,10,0,536
2013,7,"EQUIFAX, INC.",0,0,407,0,0,0,0,0,0,407
2013,7,Experian Information Solutions Inc.,0,1,439,1,0,0,0,0,0,441
2013,7,JPMORGAN CHASE & CO.,123,122,0,11,4,407,20,12,0,699
2013,7,"Navient Solutions, LLC.",0,0,0,19,0,0,0,120,0,139
2013,7,Ocwen Financial Corporation,1,0,2,9,0,362,0,0,0,374
2013,7,"TRANSUNION INTERMEDIATE HOLDINGS, INC.",0,0,302,0,0,0,0,0,0,302
2013,7,WELLS FARGO & COMPANY,211,52,5,8,6,657,41,13,0,993
2013,8,"BANK OF AMERICA, NATIONAL ASSOCIATION",186,113,0,29,6,855,12,2,0,1203
2013,8,CAPITAL ONE FINANCIAL CORPORATION,32,185,8,34,0,20,17,0,0,296
2013,8,"CITIBANK, N.A.",41,215,5,24,2,187,4,8,0,486
2013,8,"EQUIFAX, INC.",0,0,424,0,0,0,0,0,0,424
2013,8,Experian Information Solutions Inc.,0,1,439,1,0,1,0,0,0,442
2013,8,JPMORGAN CHASE & CO.,118,121,0,27,5,379,11,19,0,680
2013,8,"Navient Solutions, LLC.",1,0,1,18,0,0,0,108,0,128
2013,8,Ocwen Financial Corporation,3,0,3,14,0,387,0,0,0,407
2013,8,"TRANSUNION INTERMEDIATE HOLDINGS, INC.",0,0,283,0,0,0,0,0,0,283
2013,8,WELLS FARGO & COMPANY,202,54,7,14,5,557,36,19,0,894
2013,9,"BANK OF AMERICA, NATIONAL ASSOCIATION",200,118,0,31,4,638,11,0,0,1002
2013,9,CAPITAL ONE FINANCIAL CORPORATION,34,166,12,42,1,9,16,0,0,280
2013,9,"CITIBANK, N.A.",36,208,9,59,2,164,10,5,0,493
2013,9,"EQUIFAX, INC.",1,0,487,0,0,0,0,0,0,488
2013,9,Experian Information Solutions Inc.,0,0,500,1,0,0,0,0,0,501
2013,9,JPMORGAN CHASE & CO.,119,126,0,27,6,289,20,8,0,595
2013,9,"Navient Solutions, LLC.",0,0,0,44,0,0,0,132,0,176
2013,9,Ocwen Financial Corporation,1,0,0,2,0,315,0,0,0,318
2013,9,"TRANSUNION INTERMEDIATE HOLDINGS, INC.",0,0,347,0,0,0,0,0,0,347
2013,9,WELLS FARGO & COMPANY,202,61,7,27,3,476,28,18,0,822
2013,10,"BANK OF AMERICA, NATIONAL ASSOCIATION",209,112,2,18,6,513,10,2,0,872
2013,10,CAPITAL ONE FINANCIAL CORPORATION,42,167,5,27,0,13,16,0,0,270
2013,10,"CITIBANK, N.A.",42,202,6,42,4,166,8,13,0,483
2013,10,"EQUIFAX, INC.",0,0,405,0,0,0,0,0,0,405
2013,10,Experian Information Solutions Inc.,1,1,459,1,0,0,1,0,0,463
2013,10,JPMORGAN CHASE & CO.,121,110,0,21,4,244,9,6,0,515
2013,10,"Navient Solutions, LLC.",1,0,1,42,0,0,0,164,0,208
2013,10,Ocwen Financial Corporation,1,0,3,9,0,342,0,0,0,355
2013,10,"TRANSUNION INTERMEDIATE HOLDINGS, INC.",0,0,350,0,0,0,0,0,0,350
2013,10,WELLS FARGO & COMPANY,223,59,3,21,2,398,25,17,0,748
2013,11,"BANK OF AMERICA, NATIONAL ASSOCIATION",157,96,2,41,6,466,2,1,0,771
2013,11,CAPITAL ONE FINANCIAL CORPORATION,34,119,7,37,0,10,17,0,0,224
2013,11,"CITIBANK, N.A.",35,198,3,71,1,116,7,10,0,441
2013,11,"EQUIFAX, INC.",0,0,430,1,0,2,0,0,0,433
2013,11,Experian Information Solutions Inc.,0,0,478,0,0,2,0,0,0,480
2013,11,JPMORGAN CHASE & CO.,130,107,0,33,4,257,9,20,0,560
2013,11,"Navient Solutions, LLC.",0,0,0,46,0,0,0,128,0,174
2013,11,Ocwen Financial Corporation,3,0,0,12,0,331,0,0,0,346
2013,11,"TRANSUNION INTERMEDIATE HOLDINGS, INC.",0,0,312,1,0,0,0,0,0,313
2013,11,WELLS FARGO & COMPANY,179,48,1,31,7,390,29,17,0,702
2013,12,"BANK OF AMERICA, NATIONAL ASSOCIATION",160,87,0,34,3,446,11,1,0,742
2013,12,CAPITAL ONE FINANCIAL CORPORATION,37,146,11,47,0,17,17,0,0,275
2013,12,"CITIBANK, N.A.",22,183,2,59,3,114,16,7,0,406
2013,12,"EQUIFAX, INC.",0,1,429,0,0,0,0,0,0,430
2013,12,Experian Information Solutions Inc.,0,0,447,3,0,0,1,0,0,451
2013,12,JPMORGAN CHASE & CO.,117,135,4,34,2,244,8,19,0,563
2013,12,"Navient Solutions, LLC.",0,0,3,39,0,0,0,139,0,181
2013,12,Ocwen Financial Corporation,1,0,1,10,0,399,0,0,0,411
2013,12,"TRANSUNION INTERMEDIATE HOLDINGS, INC.",0,0,312,1,0,0,0,0,0,313
2013,12,WELLS FARGO & COMPANY,200,47,3,37,3,353,28,9,0,680
2014,1,"BANK OF AMERICA, NATIONAL ASSOCIATION",197,117,0,59,5,512,8,1,0,899
2014,1,CAPITAL ONE FINANCIAL CORPORATION,43,182,18,53,0,15,19,0,0,330
2014,1,"CITIBANK, N.A.",39,216,10,89,3,165,14,7,0,543
2014,1,"EQUIFAX, INC.",0,1,735,2,0,0,0,0,0,738
2014,1,Experian Information Solutions Inc.,0,1,845,2,0,1,0,0,0,849
2014,1,JPMORGAN CHASE & CO.,131,140,9,56,4,305,6,21,0,672
2014,1,"Navient Solutions, LLC.",3,0,1,60,0,1,0,164,0,229
2014,1,Ocwen Financial Corporation,0,0,5,17,0,521,0,0,0,543
2014,1,"TRANSUNION INTERMEDIATE HOLDINGS, INC.",0,0,583,0,0,1,0,0,0,584
2014,1,WELLS FARGO & COMPANY,228,48,3,48,4,432,40,21,0,824
2014,2,"BANK OF AMERICA, NATIONAL ASSOCIATION",205,124,0,29,7,556,9,1,0,931
2014,2,CAPITAL ONE FINANCIAL CORPORATION,25,171,4,65,0,12,18,0,0,295
2014,2,"CITIBANK, N.A.",30,224,4,63,0,142,12,13,0,488
2014,2,"EQUIFAX, INC.",1,1,826,0,0,0,1,0,0,829
2014,2,Experian Information Solutions Inc.,0,0,951,3,0,2,1,0,0,957
2014,2,JPMORGAN CHASE & CO.,143,141,2,50,8,319,11,19,0,693
2014,2,"Navient Solutions, LLC.",3,0,0,54,0,0,1,150,0,208
2014,2,Ocwen Financial Corporation,0,0,0,20,0,578,0,0,0,598
2014,2,"TRANSUNION INTERMEDIATE HOLDINGS, INC.",1,1,669,1,0,1,1,0,0,674
2014,2,WELLS FARGO & COMPANY,201,64,4,45,7,514,28,30,0,893
2014,3,"BANK OF AMERICA, NATIONAL ASSOCIATION",203,103,1,50,6,514,11,3,0,891
2014,3,CAPITAL ONE FINANCIAL CORPORATION,41,166,4,70,0,18,18,0,0,317
2014,3,"CITIBANK, N.A.",49,222,3,82,1,149,15,8,0,529
2014,3,"EQUIFAX, INC.",1,0,888,0,0,0,1,1,0,891
2014,3,Experian Information Solutions Inc.,1,1,966,1,0,0,1,1,0,971
2014,3,JPMORGAN CHASE & CO.,147,167,3,45,3,348,9,27,0,749
2014,3,"Navient Solutions, LLC.",1,0,0,53,0,0,1,152,0,207
2014,3,Ocwen Financial Corporation,5,0,0,20,0,661,1,0,0,687
2014,3,"TRANSUNION INTERMEDIATE HOLDINGS, INC.",1,0,660,0,0,0,1,0,0,662
2014,3,WELLS FARGO & COMPANY,198,66,2,36,12,469,28,21,0,832
2014,4,"BANK OF AMERICA, NATIONAL ASSOCIATION",228,123,2,51,7,543,7,4,0,965
2014,4,CAPITAL ONE FINANCIAL CORPORATION,34,158,1,54,1,16,20,0,0,284
2014,4,"CITIBANK, N.A.",42,235,1,100,2,162,17,3,0,562
2014,4,"EQUIFAX, INC.",1,0,899,0,0,0,0,0,0,900
2014,4,Experian Information Solutions Inc.,0,0,889,3,0,0,1,0,0,893
2014,4,JPMORGAN CHASE & CO.,148,126,1,55,9,346,4,22,0,711
2014,4,"Navient Solutions, LLC.",0,0,0,40,0,1,1,179,0,221
2014,4,Ocwen Financial Corporation,3,0,0,27,0,568,1,0,0,599
2014,4,"TRANSUNION INTERMEDIATE HOLDINGS, INC.",1,0,704,0,0,0,0,0,0,705
2014,4,WELLS FARGO & COMPANY,205,64,1,39,7,474,32,20,0,842
2014,5,"BANK OF AMERICA, NATIONAL ASSOCIATION",214,110,1,48,2,444,5,0,0,824
2014,5,CAPITAL ONE FINANCIAL CORPORATION,34,145,3,47,0,7,7,0,0,243
2014,5,"CITIBANK, N.A.",47,194,0,63,3,133,8,6,0,454
2014,5,"EQUIFAX, INC.",0,2,814,0,0,3,0,0,0,819
2014,5,Experian Information Solutions Inc.,0,1,796,1,0,1,0,0,0,799
2014,5,JPMORGAN CHASE & CO.,138,116,1,51,4,267,11,28,0,616
2014,5,"Navient Solutions, LLC.",0,0,0,46,0,0,0,173,0,219
2014,5,Ocwen Financial Corporation,1,0,0,27,1,518,0,0,0,547
2014,5,"TRANSUNION INTERMEDIATE HOLDINGS, INC.",1,1,651,0,0,2,0,0,0,655
2014,5,WELLS FARGO & COMPANY,193,52,0,52,5,417,24,17,0,760
2014,6,"BANK OF AMERICA, NATIONAL ASSOCIATION",195,116,2,44,9,473,10,0,0,849
2014,6,CAPITAL ONE FINANCIAL CORPORATION,20,147,1,46,0,16,24,0,0,254
2014,6,"CITIBANK, N.A.",49,188,4,88,5,119,7,10,0,470
2014,6,"EQUIFAX, INC.",0,0,833,0,0,0,0,0,0,833
2014,6,Experian Information Solutions Inc.,1,0,870,0,0,0,0,0,0,871
2014,6,JPMORGAN CHASE & CO.,133,110,1,46,2,245,9,17,0,563
2014,6,"Navient Solutions, LLC.",0,0,0,63,0,0,0,173,0,236
2014,6,Ocwen Financial Corporation,4,0,0,23,0,453,1,0,0,481
2014,6,"TRANSUNION INTERMEDIATE HOLDINGS, INC.",0,0,705,0,0,0,0,0,0,705
2014,6,WELLS FARGO & COMPANY,228,48,0,29,6,432,25,21,0,789
2014,7,"BANK OF AMERICA, NATIONAL ASSOCIATION",193,101,1,40,4,527,13,0,0,879
2014,7,CAPITAL ONE FINANCIAL CORPORATION,33,164,3,52,0,12,16,0,0,280
2014,7,"CITIBANK, N.A.",31,169,4,68,2,136,19,5,0,434
2014,7,"EQUIFAX, INC.",0,0,924,0,0,0,1,0,0,925
2014,7,Experian Information Solutions Inc.,0,5,924,0,0,0,1,0,0,930
2014,7,JPMORGAN CHASE & CO.,153,145,2,53,3,335,12,24,0,727
2014,7,"Navient Solutions, LLC.",0,0,0,47,0,1,0,155,0,203
2014,7,Ocwen Financial Corporation,1,0,1,13,0,510,2,0,0,527
2014,7,"TRANSUNION INTERMEDIATE HOLDINGS, INC.",0,2,723,0,0,1,0,0,0,726
2014,7,WELLS FARGO & COMPANY,218,55,2,41,7,407,43,16,0,789
2014,8,"BANK OF AMERICA, NATIONAL ASSOCIATION",201,116,1,43,5,480,10,0,0,856
2014,8,CAPITAL ONE FINANCIAL CORPORATION,36,179,3,38,0,13,34,0,0,303
2014,8,"CITIBANK, N.A.",44,190,3,67,0,150,27,7,0,488
2014,8,"EQUIFAX, INC.",0,0,935,0,0,0,2,0,0,937
2014,8,Experian Information Solutions Inc.,0,0,896,1,0,1,1,0,0,899
2014,8,JPMORGAN CHASE & CO.,128,138,5,29,5,294,9,18,0,626
2014,8,"Navient Solutions, LLC.",0,0,0,36,0,0,1,153,0,190
2014,8,Ocwen Financial Corporation,0,0,2,17,0,495,1,0,0,515
2014,8,"TRANSUNION INTERMEDIATE HOLDINGS, INC.",0,0,751,3,0,0,0,0,0,754
2014,8,WELLS FARGO & COMPANY,194,58,3,31,2,414,29,22,0,753
2014,9,"BANK OF AMERICA, NATIONAL ASSOCIATION",190,118,0,44,10,538,7,0,0,907
2014,9,CAPITAL ONE FINANCIAL CORPORATION,23,177,1,34,1,14,17,0,0,267
2014,9,"CITIBANK, N.A.",37,201,3,57,1,143,22,11,0,475
2014,9,"EQUIFAX, INC.",1,0,841,0,0,0,1,0,0,843
2014,9,Experian Information Solutions Inc.,0,1,852,0,0,2,1,0,0,856
2014,9,JPMORGAN CHASE & CO.,147,123,4,39,7,272,18,18,0,628
2014,9,"Navient Solutions, LLC.",0,0,1,22,0,0,1,124,0,148
2014,9,Ocwen Financial Corporation,1,0,0,18,0,450,0,0,0,469
2014,9,"TRANSUNION INTERMEDIATE HOLDINGS, INC.",0,0,711,2,0,0,1,0,0,714
2014,9,WELLS FARGO & COMPANY,191,72,6,28,2,354,42,18,0,713
2014,10,"BANK OF AMERICA, NATIONAL ASSOCIATION",219,115,3,24,6,509,7,1,0,884
2014,10,CAPITAL ONE FINANCIAL CORPORATION,25,156,7,42,0,22,22,0,0,274
2014,10,"CITIBANK, N.A.",43,200,3,56,6,129,22,13,0,472
2014,10,"EQUIFAX, INC.",0,0,750,1,0,0,0,0,0,751
2014,10,Experian Information Solutions Inc.,0,0,791,1,0,1,0,0,0,793
2014,10,JPMORGAN CHASE & CO.,154,141,4,40,7,285,17,11,0,659
2014,10,"Navient Solutions, LLC.",0,0,0,34,0,0,1,168,0,203
2014,10,Ocwen Financial Corporation,1,0,2,17,0,467,0,0,0,487
2014,10,"TRANSUNION INTERMEDIATE HOLDINGS, INC.",0,0,616,2,0,0,0,0,0,618
2014,10,WELLS FARGO & COMPANY,177,45,4,21,8,417,49,13,0,734
2014,11,"BANK OF AMERICA, NATIONAL ASSOCIATION",165,92,2,28,5,345,4,1,0,642
2014,11,CAPITAL ONE FINANCIAL CORPORATION,30,132,4,42,0,14,21,0,0,243
2014,11,"CITIBANK, N.A.",49,196,6,59,0,115,21,3,0,449
2014,11,"EQUIFAX, INC.",1,0,737,2,0,1,1,0,0,742
2014,11,Experian Information Solutions Inc.,0,1,718,1,0,0,0,0,0,720
2014,11,JPMORGAN CHASE & CO.,106,123,7,36,7,245,9,14,0,547
2014,11,"Navient Solutions, LLC.",0,0,0,39,0,0,1,148,0,188
2014,11,Ocwen Financial Corporation,2,1,0,1,0,401,1,0,0,406
2014,11,"TRANSUNION INTERMEDIATE HOLDINGS, INC.",0,1,611,1,0,0,1,0,0,614
2014,11,WELLS FARGO & COMPANY,169,56,4,21,4,339,28,17,0,638
2014,12,"BANK OF AMERICA, NATIONAL ASSOCIATION",217,110,2,29,8,379,13,2,0,760
2014,12,CAPITAL ONE FINANCIAL CORPORATION,26,146,7,41,2,12,19,0,0,253
2014,12,"CITIBANK, N.A.",34,190,5,43,2,104,23,3,0,404
2014,12,"EQUIFAX, INC.",0,0,752,1,0,0,2,0,0,755
2014,12,Experian Information Solutions Inc.,1,1,702,2,0,1,1,0,0,708
2014,12,JPMORGAN CHASE & CO.,138,126,4,25,3,211,21,16,0,544
2014,12,"Navient Solutions, LLC.",0,0,0,29,0,0,0,153,0,182
2014,12,Ocwen Financial Corporation,0,1,1,16,0,395,0,0,0,413
2014,12,"TRANSUNION INTERMEDIATE HOLDINGS, INC.",0,0,627,0,0,1,1,0,0,629
2014,12,WELLS FARGO & COMPANY,161,52,3,23,4,301,40,17,0,601
2015,1,"BANK OF AMERICA, NATIONAL ASSOCIATION",213,92,4,34,8,345,15,0,0,711
2015,1,CAPITAL ONE FINANCIAL CORPORATION,32,151,3,42,0,15,20,0,0,263
2015,1,"CITIBANK, N.A.",38,207,3,61,2,117,26,6,0,460
2015,1,"EQUIFAX, INC.",0,0,894,0,0,1,0,0,0,895
2015,1,Experian Information Solutions Inc.,1,1,921,1,0,0,0,0,0,924
2015,1,JPMORGAN CHASE & CO.,151,131,4,27,4,234,13,19,0,583
2015,1,"Navient Solutions, LLC.",0,0,0,26,0,0,2,161,0,189
2015,1,Ocwen Financial Corporation,1,0,0,8,0,422,2,0,0,433
2015,1,"TRANSUNION INTERMEDIATE HOLDINGS, INC.",1,0,745,1,0,0,0,0,0,747
2015,1,WELLS FARGO & COMPANY,166,43,1,23,2,322,36,15,0,608
2015,2,"BANK OF AMERICA, NATIONAL ASSOCIATION",178,154,3,33,6,321,12,0,0,707
2015,2,CAPITAL ONE FINANCIAL CORPORATION,30,145,2,44,1,14,21,0,0,257
2015,2,"CITIBANK, N.A.",38,213,2,63,2,103,19,5,0,445
2015,2,"EQUIFAX, INC.",0,0,833,1,0,0,0,0,0,834
2015,2,Experian Information Solutions Inc.,0,1,785,3,0,0,0,0,0,789
2015,2,JPMORGAN CHASE & CO.,114,142,5,42,2,221,14,10,0,550
2015,2,"Navient Solutions, LLC.",0,0,0,38,0,1,0,118,0,157
2015,2,Ocwen Financial Corporation,0,0,0,5,0,424,1,0,0,430
2015,2,"TRANSUNION INTERMEDIATE HOLDINGS, INC.",0,2,673,2,0,0,0,0,0,677
2015,2,WELLS FARGO & COMPANY,166,65,5,23,5,357,28,26,0,675
2015,3,"BANK OF AMERICA, NATIONAL ASSOCIATION",211,152,4,52,4,441,9,1,0,874
2015,3,CAPITAL ONE FINANCIAL CORPORATION,42,204,2,53,0,19,27,0,0,347
2015,3,"CITIBANK, N.A.",61,244,0,90,0,130,23,8,0,556
2015,3,"EQUIFAX, INC.",0,1,1026,2,0,2,0,0,0,1031
2015,3,Experian Information Solutions Inc.,0,2,946,2,0,2,1,0,0,953
2015,3,JPMORGAN CHASE & CO.,163,161,2,42,4,258,22,15,0,667
2015,3,"Navient Solutions, LLC.",0,0,0,46,0,0,1,158,0,205
2015,3,Ocwen Financial Corporation,2,0,0,16,0,444,1,0,0,463
2015,3,"TRANSUNION INTERMEDIATE HOLDINGS, INC.",0,0,772,3,0,2,0,0,0,777
2015,3,WELLS FARGO & COMPANY,182,66,1,27,4,362,39,26,0,707
2015,4,"BANK OF AMERICA, NATIONAL ASSOCIATION",226,136,3,36,9,404,4,0,0,818
2015,4,CAPITAL ONE FINANCIAL CORPORATION,35,164,2,56,0,13,22,0,0,292
2015,4,"CITIBANK, N.A.",56,228,3,67,5,129,22,6,0,516
2015,4,"EQUIFAX, INC.",1,1,962,0,0,1,0,0,0,965
2015,4,Experian Information Solutions Inc.,1,0,904,2,0,1,0,0,0,908
2015,4,JPMORGAN CHASE & CO.,150,145,0,38,5,271,17,12,0,638
2015,4,"Navient Solutions, LLC.",0,0,0,36,0,0,0,163,0,199
2015,4,Ocwen Financial Corporation,1,0,1,6,0,447,0,0,0,455
2015,4,"TRANSUNION INTERMEDIATE HOLDINGS, INC.",0,0,723,0,0,1,1,0,0,725
2015,4,WELLS FARGO & COMPANY,172,49,2,19,1,379,36,16,0,674
2015,5,"BANK OF AMERICA, NATIONAL ASSOCIATION",253,146,1,29,6,428,11,2,0,876
2015,5,CAPITAL ONE FINANCIAL CORPORATION,39,186,3,63,2,12,23,0,0,328
2015,5,"CITIBANK, N.A.",37,240,3,44,4,113,24,5,0,470
2015,5,"EQUIFAX, INC.",0,0,968,0,0,0,2,0,0,970
2015,5,Experian Information Solutions Inc.,0,0,914,0,0,0,0,0,0,914
2015,5,JPMORGAN CHASE & CO.,140,144,2,36,8,250,17,6,0,603
2015,5,"Navient Solutions, LLC.",1,0,0,40,0,0,0,141,0,182
2015,5,Ocwen Financial Corporation,0,0,0,16,0,409,1,0,0,426
2015,5,"TRANSUNION INTERMEDIATE HOLDINGS, INC.",0,0,688,2,0,0,0,0,0,690
2015,5,WELLS FARGO & COMPANY,214,62,1,24,3,408,36,26,0,774
2015,6,"BANK OF AMERICA, NATIONAL ASSOCIATION",283,151,2,35,10,456,18,0,0,955
2015,6,CAPITAL ONE FINANCIAL CORPORATION,37,197,1,53,0,17,17,0,0,322
2015,6,"CITIBANK, N.A.",50,219,3,52,0,135,23,6,0,488
2015,6,"EQUIFAX, INC.",0,1,940,0,0,1,0,0,0,942
2015,6,Experian Information Solutions Inc.,0,0,911,0,0,0,0,0,0,911
2015,6,JPMORGAN CHASE & CO.,193,150,3,28,3,285,16,12,0,690
2015,6,"Navient Solutions, LLC.",0,0,0,26,0,0,0,131,0,157
2015,6,Ocwen Financial Corporation,0,0,0,15,0,429,1,0,0,445
2015,6,"TRANSUNION INTERMEDIATE HOLDINGS, INC.",0,0,754,0,0,0,0,0,0,754
2015,6,WELLS FARGO & COMPANY,225,72,5,28,4,511,45,28,0,918
2015,7,"BANK OF AMERICA, NATIONAL ASSOCIATION",287,131,3,32,4,417,16,0,0,890
2015,7,CAPITAL ONE FINANCIAL CORPORATION,47,209,3,48,2,16,27,0,0,352
2015,7,"CITIBANK, N.A.",51,268,4,67,1,111,26,10,0,538
2015,7,"EQUIFAX, INC.",0,1,1262,0,0,1,0,0,0,1264
2015,7,Experian Information Solutions Inc.,0,1,1015,1,0,0,0,0,0,1017
2015,7,JPMORGAN CHASE & CO.,186,192,9,68,10,307,26,9,0,807
2015,7,"Navient Solutions, LLC.",0,0,0,31,0,0,2,159,0,192
2015,7,Ocwen Financial Corporation,0,0,1,12,0,414,0,0,0,427
2015,7,"TRANSUNION INTERMEDIATE HOLDINGS, INC.",0,0,1283,1,0,1,0,0,0,1285
2015,7,WELLS FARGO & COMPANY,229,56,6,22,2,440,52,26,0,833
2015,8,"BANK OF AMERICA, NATIONAL ASSOCIATION",278,148,2,31,13,429,18,6,0,925
2015,8,CAPITAL ONE FINANCIAL CORPORATION,46,191,2,53,0,22,23,1,0,338
2015,8,"CITIBANK, N.A.",62,267,4,66,2,133,25,15,0,574
2015,8,"EQUIFAX, INC.",0,2,1114,4,0,0,2,2,0,1124
2015,8,Experian Information Solutions Inc.,0,0,1059,0,0,0,0,2,0,1061
2015,8,JPMORGAN CHASE & CO.,185,181,4,35,4,369,16,11,0,805
2015,8,"Navient Solutions, LLC.",0,0,0,36,0,0,1,132,0,169
2015,8,Ocwen Financial Corporation,3,0,1,10,0,396,1,0,0,411
2015,8,"TRANSUNION INTERMEDIATE HOLDINGS, INC.",0,0,1156,2,0,0,0,1,0,1159
2015,8,WELLS FARGO & COMPANY,193,74,5,27,7,570,60,23,0,959
2015,9,"BANK OF AMERICA, NATIONAL ASSOCIATION",262,142,7,31,1,380,13,2,0,838
2015,9,CAPITAL ONE FINANCIAL CORPORATION,37,170,1,40,1,10,31,0,0,290
2015,9,"CITIBANK, N.A.",46,315,6,74,1,120,28,11,0,601
2015,9,"EQUIFAX, INC.",0,0,1018,2,0,1,0,0,0,1021
2015,9,Experian Information Solutions Inc.,0,0,832,1,0,1,0,0,0,834
2015,9,JPMORGAN CHASE & CO.,146,185,3,46,7,280,18,11,0,696
2015,9,"Navient Solutions, LLC.",0,0,0,31,0,0,2,153,0,186
2015,9,Ocwen Financial Corporation,1,0,1,10,0,371,3,0,0,386
2015,9,"TRANSUNION INTERMEDIATE HOLDINGS, INC.",0,2,918,1,0,1,1,2,0,925
2015,9,WELLS FARGO & COMPANY,207,57,3,23,2,491,43,20,0,846
2015,10,"BANK OF AMERICA, NATIONAL ASSOCIATION",258,148,3,26,7,362,8,1,0,813
2015,10,CAPITAL ONE FINANCIAL CORPORATION,34,195,10,47,2,13,21,0,0,322
2015,10,"CITIBANK, N.A.",57,307,7,50,3,120,28,7,0,579
2015,10,"EQUIFAX, INC.",0,0,953,0,0,2,4,0,0,959
2015,10,Experian Information Solutions Inc.,1,0,811,1,0,0,1,0,0,814
2015,10,JPMORGAN CHASE & CO.,210,173,7,38,5,244,21,9,0,707
2015,10,"Navient Solutions, LLC.",0,0,1,42,0,0,0,139,0,182
2015,10,Ocwen Financial Corporation,3,0,3,11,0,391,1,0,0,409
2015,10,"TRANSUNION INTERMEDIATE HOLDINGS, INC.",0,0,858,3,0,1,0,0,0,862
2015,10,WELLS FARGO & COMPANY,211,71,6,19,5,469,47,24,0,852
2015,11,"BANK OF AMERICA, NATIONAL ASSOCIATION",235,144,5,17,4,316,14,1,0,736
2015,11,CAPITAL ONE FINANCIAL CORPORATION,30,174,3,39,0,12,12,0,0,270
2015,11,"CITIBANK, N.A.",49,264,4,53,1,87,6,3,0,467
2015,11,"EQUIFAX, INC.",0,0,1039,3,0,1,0,0,0,1043
2015,11,Experian Information Solutions Inc.,0,0,857,0,0,0,0,0,0,857
2015,11,JPMORGAN CHASE & CO.,187,149,3,23,2,220,21,7,0,612
2015,11,"Navient Solutions, LLC.",0,0,0,48,0,0,0,101,0,149
2015,11,Ocwen Financial Corporation,1,0,1,7,0,307,2,0,0,318
2015,11,"TRANSUNION INTERMEDIATE HOLDINGS, INC.",1,0,816,1,0,0,0,0,0,818
2015,11,WELLS FARGO & COMPANY,195,55,2,25,4,428,47,20,0,776
2015,12,"BANK OF AMERICA, NATIONAL ASSOCIATION",241,118,2,26,4,286,13,0,0,690
2015,12,CAPITAL ONE FINANCIAL CORPORATION,39,187,2,48,0,17,16,0,0,309
2015,12,"CITIBANK, N.A.",53,292,4,61,1,89,6,2,0,508
2015,12,"EQUIFAX, INC.",0,2,953,0,0,0,0,0,0,955
2015,12,Experian Information Solutions Inc.,0,1,845,0,0,0,0,0,0,846
2015,12,JPMORGAN CHASE & CO.,181,164,2,34,2,205,13,9,0,610
2015,12,"Navient Solutions, LLC.",0,0,0,27,0,0,0,108,0,135
2015,12,Ocwen Financial Corporation,1,0,2,11,0,286,2,0,0,302
2015,12,"TRANSUNION INTERMEDIATE HOLDINGS, INC.",0,0,748,0,0,0,0,0,0,748
2015,12,WELLS FARGO & COMPANY,169,46,2,17,8,364,35,19,0,660
2016,1,"BANK OF AMERICA, NATIONAL ASSOCIATION",278,152,1,27,2,355,12,0,0,827
2016,1,CAPITAL ONE FINANCIAL CORPORATION,35,183,2,54,0,17,29,0,0,320
2016,1,"CITIBANK, N.A.",60,315,2,45,5,101,6,3,0,537
2016,1,"EQUIFAX, INC.",0,1,1027,3,0,0,0,0,0,1031
2016,1,Experian Information Solutions Inc.,0,0,849,0,0,1,0,0,0,850
2016,1,JPMORGAN CHASE & CO.,215,206,8,30,2,258,26,6,0,751
2016,1,"Navient Solutions, LLC.",0,0,0,36,0,0,4,149,0,189
2016,1,Ocwen Financial Corporation,2,0,1,11,0,308,0,0,0,322
2016,1,"TRANSUNION INTERMEDIATE HOLDINGS, INC.",0,0,745,1,0,0,1,0,0,747
2016,1,WELLS FARGO & COMPANY,182,60,4,24,9,469,42,19,0,809
2016,2,"BANK OF AMERICA, NATIONAL ASSOCIATION",212,137,1,35,4,331,15,2,0,737
2016,2,CAPITAL ONE FINANCIAL CORPORATION,46,202,7,40,1,19,21,0,0,336
2016,2,"CITIBANK, N.A.",51,336,7,50,1,108,10,7,0,570
2016,2,"EQUIFAX, INC.",1,1,1046,3,0,1,0,0,0,1052
2016,2,Experian Information Solutions Inc.,0,0,1032,1,0,0,0,0,0,1033
2016,2,JPMORGAN CHASE & CO.,187,187,11,26,4,237,18,12,0,682
2016,2,"Navient Solutions, LLC.",0,0,1,43,0,0,1,165,0,210
2016,2,Ocwen Financial Corporation,2,1,1,7,1,300,2,0,0,314
2016,2,"TRANSUNION INTERMEDIATE HOLDINGS, INC.",0,0,803,0,0,0,0,1,0,804
2016,2,WELLS FARGO & COMPANY,159,62,4,32,2,410,41,27,0,737
2016,3,"BANK OF AMERICA, NATIONAL ASSOCIATION",270,145,1,53,6,361,13,0,0,849
2016,3,CAPITAL ONE FINANCIAL CORPORATION,52,178,10,59,0,14,27,0,0,340
2016,3,"CITIBANK, N.A.",59,346,9,67,1,110,9,5,0,606
2016,3,"EQUIFAX, INC.",0,1,1489,0,0,2,6,1,0,1499
2016,3,Experian Information Solutions Inc.,1,2,1264,3,0,1,3,1,0,1275
2016,3,JPMORGAN CHASE & CO.,193,182,6,38,5,312,17,11,0,764
2016,3,"Navient Solutions, LLC.",0,0,1,46,0,0,1,312,0,360
2016,3,Ocwen Financial Corporation,0,0,0,27,0,354,1,0,0,382
2016,3,"TRANSUNION INTERMEDIATE HOLDINGS, INC.",0,2,1106,3,0,0,3,1,0,1115
2016,3,WELLS FARGO & COMPANY,194,56,10,27,3,491,46,23,0,850
2016,4,"BANK OF AMERICA, NATIONAL ASSOCIATION",248,161,5,41,3,340,8,5,0,811
2016,4,CAPITAL ONE FINANCIAL CORPORATION,42,184,3,59,0,18,20,0,0,326
2016,4,"CITIBANK, N.A.",65,370,2,74,1,89,9,7,0,617
2016,4,"EQUIFAX, INC.",0,3,1341,2,0,2,3,2,0,1353
2016,4,Experian Information Solutions Inc.,0,0,1219,2,0,1,2,2,0,1226
2016,4,JPMORGAN CHASE & CO.,180,179,2,35,7,256,26,10,0,695
2016,4,"Navient Solutions, LLC.",0,0,0,56,0,0,2,352,0,410
2016,4,Ocwen Financial Corporation,0,0,0,17,0,284,1,0,0,302
2016,4,"TRANSUNION INTERMEDIATE HOLDINGS, INC.",0,0,1080,1,0,0,2,0,0,1083
2016,4,WELLS FARGO & COMPANY,160,59,3,22,8,461,39,19,0,771
2016,5,"BANK OF AMERICA, NATIONAL ASSOCIATION",240,150,3,48,7,302,17,4,0,771
2016,5,CAPITAL ONE FINANCIAL CORPORATION,35,202,5,34,1,15,23,0,0,315
2016,5,"CITIBANK, N.A.",245,307,2,53,1,92,14,7,0,721
2016,5,"EQUIFAX, INC.",0,1,1434,4,0,1,2,0,0,1442
2016,5,Experian Information Solutions Inc.,1,0,1237,3,0,1,0,0,0,1242
2016,5,JPMORGAN CHASE & CO.,200,207,1,45,2,238,31,7,0,731
2016,5,"Navient Solutions, LLC.",1,0,0,43,0,0,1,281,0,326
2016,5,Ocwen Financial Corporation,0,0,0,26,0,320,0,0,0,346
2016,5,"TRANSUNION INTERMEDIATE HOLDINGS, INC.",0,0,1028,5,0,1,2,0,0,1036
2016,5,WELLS FARGO & COMPANY,176,49,3,29,6,463,36,10,0,772
2016,6,"BANK OF AMERICA, NATIONAL ASSOCIATION",255,140,2,51,2,358,17,4,0,829
2016,6,CAPITAL ONE FINANCIAL CORPORATION,54,179,6,54,3,17,21,0,0,334
2016,6,"CITIBANK, N.A.",476,326,4,60,1,102,10,7,0,986
2016,6,"EQUIFAX, INC.",1,1,1476,4,0,2,3,0,0,1487
2016,6,Experian Information Solutions Inc.,0,0,1214,2,0,1,2,0,0,1219
2016,6,JPMORGAN CHASE & CO.,202,193,3,31,4,206,20,10,0,669
2016,6,"Navient Solutions, LLC.",1,0,0,39,0,0,1,211,0,252
2016,6,Ocwen Financial Corporation,0,0,0,13,0,289,0,0,0,302
2016,6,"TRANSUNION INTERMEDIATE HOLDINGS, INC.",0,0,1091,3,0,0,2,1,0,1097
2016,6,WELLS FARGO & COMPANY,173,72,3,28,2,424,49,14,0,765
2016,7,"BANK OF AMERICA, NATIONAL ASSOCIATION",256,140,3,30,3,288,5,2,0,727
2016,7,CAPITAL ONE FINANCIAL CORPORATION,39,198,1,42,0,14,20,0,0,314
2016,7,"CITIBANK, N.A.",407,488,0,60,2,93,5,6,0,1061
2016,7,"EQUIFAX, INC.",0,2,1472,2,0,2,1,4,0,1483
2016,7,Experian Information Solutions Inc.,1,1,1348,2,0,3,0,2,0,1357
2016,7,JPMORGAN CHASE & CO.,182,202,3,24,7,210,19,5,0,652
2016,7,"Navient Solutions, LLC.",0,0,2,31,0,0,1,221,0,255
2016,7,Ocwen Financial Corporation,0,0,0,19,0,273,0,0,0,292
2016,7,"TRANSUNION INTERMEDIATE HOLDINGS, INC.",0,1,1468,0,0,3,1,1,0,1474
2016,7,WELLS FARGO & COMPANY,158,70,3,30,2,392,49,14,0,718
2016,8,"BANK OF AMERICA, NATIONAL ASSOCIATION",313,165,1,54,4,360,11,4,0,912
2016,8,CAPITAL ONE FINANCIAL CORPORATION,42,252,3,111,2,13,23,0,0,446
2016,8,"CITIBANK, N.A.",266,439,2,111,3,101,6,9,0,937
2016,8,"EQUIFAX, INC.",0,2,1495,3,0,2,1,0,0,1503
2016,8,Experian Information Solutions Inc.,2,2,1288,3,0,2,1,0,0,1298
2016,8,JPMORGAN CHASE & CO.,237,225,4,130,5,225,30,6,0,862
2016,8,"Navient Solutions, LLC.",1,0,1,49,0,1,2,238,0,292
2016,8,Ocwen Financial Corporation,0,0,0,10,0,272,0,1,0,283
2016,8,"TRANSUNION INTERMEDIATE HOLDINGS, INC.",0,2,1067,5,0,0,2,1,0,1077
2016,8,WELLS FARGO & COMPANY,192,74,2,53,5,442,53,22,0,843
2016,9,"BANK OF AMERICA, NATIONAL ASSOCIATION",326,169,2,35,8,358,9,0,0,907
2016,9,CAPITAL ONE FINANCIAL CORPORATION,51,239,1,54,2,18,28,0,0,393
2016,9,"CITIBANK, N.A.",146,432,1,61,5,96,8,8,0,757
2016,9,"EQUIFAX, INC.",0,5,1379,3,0,0,0,2,0,1389
2016,9,Experian Information Solutions Inc.,0,0,1083,0,0,1,2,1,0,1087
2016,9,JPMORGAN CHASE & CO.,234,272,2,41,6,195,14,6,0,770
2016,9,"Navient Solutions, LLC.",0,0,1,37,0,0,0,267,0,305
2016,9,Ocwen Financial Corporation,0,0,0,18,0,252,0,0,0,270
2016,9,"TRANSUNION INTERMEDIATE HOLDINGS, INC.",2,2,1061,4,0,0,0,0,0,1069
2016,9,WELLS FARGO & COMPANY,602,190,4,43,11,589,95,56,0,1590
2016,10,"BANK OF AMERICA, NATIONAL ASSOCIATION",292,162,4,42,4,337,12,1,0,854
2016,10,CAPITAL ONE FINANCIAL CORPORATION,55,230,1,59,3,9,19,0,0,376
2016,10,"CITIBANK, N.A.",105,420,2,47,5,104,10,8,0,701
2016,10,"EQUIFAX, INC.",0,0,1417,8,0,1,1,3,0,1430
2016,10,Experian Information Solutions Inc.,1,2,1229,2,0,1,2,2,0,1239
2016,10,JPMORGAN CHASE & CO.,265,236,2,38,5,180,34,7,0,767
2016,10,"Navient Solutions, LLC.",0,0,0,53,0,0,1,208,0,262
2016,10,Ocwen Financial Corporation,1,0,0,10,0,243,0,0,0,254
2016,10,"TRANSUNION INTERMEDIATE HOLDINGS, INC.",2,1,1589,4,0,2,1,3,0,1602
2016,10,WELLS FARGO & COMPANY,455,151,3,30,4,616,87,37,0,1383
2016,11,"BANK OF AMERICA, NATIONAL ASSOCIATION",284,146,2,46,9,307,13,1,0,808
2016,11,CAPITAL ONE FINANCIAL CORPORATION,55,203,3,56,0,12,28,0,0,357
2016,11,"CITIBANK, N.A.",103,381,6,42,3,78,10,7,0,630
2016,11,"EQUIFAX, INC.",0,0,1135,4,0,0,4,5,0,1148
2016,11,Experian Information Solutions Inc.,0,2,1088,1,0,1,2,1,0,1095
2016,11,JPMORGAN CHASE & CO.,238,191,2,40,4,198,22,8,0,703
2016,11,"Navient Solutions, LLC.",0,0,1,34,0,0,0,205,0,240
2016,11,Ocwen Financial Corporation,0,0,0,9,0,191,1,0,0,201
2016,11,"TRANSUNION INTERMEDIATE HOLDINGS, INC.",0,0,944,1,0,0,0,1,0,946
2016,11,WELLS FARGO & COMPANY,317,106,3,37,5,471,65,45,0,1049
2016,12,"BANK OF AMERICA, NATIONAL ASSOCIATION",270,142,0,30,8,292,8,2,0,752
2016,12,CAPITAL ONE FINANCIAL CORPORATION,64,224,1,64,0,21,29,0,0,403
2016,12,"CITIBANK, N.A.",108,336,0,43,3,80,4,6,0,580
2016,12,"EQUIFAX, INC.",1,2,1142,7,0,3,1,0,0,1156
2016,12,Experian Information Solutions Inc.,0,3,1016,3,0,1,3,2,0,1028
2016,12,JPMORGAN CHASE & CO.,248,204,4,34,5,192,24,5,0,716
2016,12,"Navient Solutions, LLC.",0,0,0,34,0,0,0,173,0,207
2016,12,Ocwen Financial Corporation,1,0,1,13,0,206,0,0,0,221
2016,12,"TRANSUNION INTERMEDIATE HOLDINGS, INC.",0,0,927,5,0,1,1,1,0,935
2016,12,WELLS FARGO & COMPANY,296,87,1,23,11,423,54,18,0,913
2017,1,"BANK OF AMERICA, NATIONAL ASSOCIATION",288,167,27,29,4,320,12,3,0,850
2017,1,CAPITAL ONE FINANCIAL CORPORATION,50,223,58,54,3,12,24,0,0,424
2017,1,"CITIBANK, N.A.",183,354,27,51,2,73,5,8,0,703
2017,1,"EQUIFAX, INC.",0,0,1230,8,0,2,2,0,0,1242
2017,1,Experian Information Solutions Inc.,1,1,1053,7,0,0,2,1,0,1065
2017,1,JPMORGAN CHASE & CO.,248,210,43,29,4,158,37,10,0,739
2017,1,"Navient Solutions, LLC.",0,0,7,41,0,1,1,3824,0,3874
2017,1,Ocwen Financial Corporation,1,0,1,2,0,215,0,0,0,219
2017,1,"TRANSUNION INTERMEDIATE HOLDINGS, INC.",2,3,1118,5,0,1,1,0,0,1130
2017,1,WELLS FARGO & COMPANY,247,71,15,39,3,459,78,35,0,947
2017,2,"BANK OF AMERICA, NATIONAL ASSOCIATION",279,164,32,40,8,237,12,3,0,775
2017,2,CAPITAL ONE FINANCIAL CORPORATION,57,212,30,55,2,13,26,0,0,395
2017,2,"CITIBANK, N.A.",158,330,34,47,1,84,9,10,0,673
2017,2,"EQUIFAX, INC.",0,1,1245,2,0,1,2,0,0,1251
2017,2,Experian Information Solutions Inc.,0,2,1134,1,0,1,1,1,0,1140
2017,2,JPMORGAN CHASE & CO.,201,188,26,29,7,151,22,4,0,628
2017,2,"Navient Solutions, LLC.",1,0,8,45,0,0,1,1528,0,1583
2017,2,Ocwen Financial Corporation,0,0,2,6,0,202,0,0,0,210
2017,2,"TRANSUNION INTERMEDIATE HOLDINGS, INC.",0,0,1242,5,0,2,1,2,0,1252
2017,2,WELLS FARGO & COMPANY,239,79,15,19,9,352,65,23,0,801
2017,3,"BANK OF AMERICA, NATIONAL ASSOCIATION",316,169,26,28,5,290,16,1,0,851
2017,3,CAPITAL ONE FINANCIAL CORPORATION,48,256,43,72,0,14,26,0,0,459
2017,3,"CITIBANK, N.A.",110,389,27,50,3,104,9,7,0,699
2017,3,"EQUIFAX, INC.",0,0,1378,3,0,1,6,1,0,1389
2017,3,Experian Information Solutions Inc.,0,0,1303,2,0,2,8,2,0,1317
2017,3,JPMORGAN CHASE & CO.,234,211,21,31,9,167,28,5,0,706
2017,3,"Navient Solutions, LLC.",0,0,4,52,0,0,2,1077,0,1135
2017,3,Ocwen Financial Corporation,0,0,0,10,0,209,0,0,0,219
2017,3,"TRANSUNION INTERMEDIATE HOLDINGS, INC.",0,0,1336,6,0,3,4,3,0,1352
2017,3,WELLS FARGO & COMPANY,262,97,22,31,13,399,65,22,0,911
2017,4,"BANK OF AMERICA, NATIONAL ASSOCIATION",259,143,32,31,10,213,9,2,0,699
2017,4,CAPITAL ONE FINANCIAL CORPORATION,37,215,54,67,1,9,17,0,4,404
2017,4,"CITIBANK, N.A.",73,297,45,42,4,83,6,6,0,556
2017,4,"EQUIFAX, INC.",1,1,1695,8,0,2,1,1,0,1709
2017,4,Experian Information Solutions Inc.,2,1,1605,5,0,0,3,0,0,1616
2017,4,JPMORGAN CHASE & CO.,182,206,29,29,6,117,18,6,5,598
2017,4,"Navient Solutions, LLC.",0,0,18,54,0,0,0,889,0,961
2017,4,Ocwen Financial Corporation,0,0,7,6,0,240,0,0,0,253
2017,4,"TRANSUNION INTERMEDIATE HOLDINGS, INC.",1,2,1559,12,0,1,2,0,0,1577
2017,4,WELLS FARGO & COMPANY,210,85,24,23,10,310,36,29,9,736
2017,5,"BANK OF AMERICA, NATIONAL ASSOCIATION",246,180,55,39,15,216,2,1,8,762
2017,5,CAPITAL ONE FINANCIAL CORPORATION,30,179,95,56,5,12,2,0,15,394
2017,5,"CITIBANK, N.A.",58,308,81,73,7,63,2,12,2,606
2017,5,"EQUIFAX, INC.",0,1,1991,21,0,2,1,1,1,2018
2017,5,Experian Information Solutions Inc.,0,2,1786,21,0,1,1,2,0,1813
2017,5,JPMORGAN CHASE & CO.,224,241,69,41,26,153,2,3,10,769
2017,5,"Navient Solutions, LLC.",0,0,48,59,3,0,1,555,0,666
2017,5,Ocwen Financial Corporation,0,0,16,6,0,256,0,0,0,278
2017,5,"TRANSUNION INTERMEDIATE HOLDINGS, INC.",0,1,1834,25,0,2,1,1,0,1864
2017,5,WELLS FARGO & COMPANY,160,82,41,36,21,322,19,18,38,737
2017,6,"BANK OF AMERICA, NATIONAL ASSOCIATION",268,131,59,42,24,177,5,0,9,715
2017,6,CAPITAL ONE FINANCIAL CORPORATION,53,198,85,67,5,15,2,0,21,446
2017,6,"CITIBANK, N.A.",70,301,86,48,4,76,2,9,0,596
2017,6,"EQUIFAX, INC.",0,1,1946,20,0,0,0,0,2,1969
2017,6,Experian Information Solutions Inc.,2,1,1776,16,0,0,0,0,1,1796
2017,6,JPMORGAN CHASE & CO.,234,234,71,36,31,137,7,2,18,770
2017,6,"Navient Solutions, LLC.",0,0,37,37,0,0,0,460,1,535
2017,6,Ocwen Financial Corporation,0,0,14,10,1,203,0,0,0,228
2017,6,"TRANSUNION INTERMEDIATE HOLDINGS, INC.",0,1,1727,17,0,0,0,0,1,1746
2017,6,WELLS FARGO & COMPANY,282,76,60,23,23,278,20,16,26,804
2017,7,"BANK OF AMERICA, NATIONAL ASSOCIATION",275,146,51,33,26,179,4,2,4,720
2017,7,CAPITAL ONE FINANCIAL CORPORATION,60,212,106,52,9,12,1,0,18,470
2017,7,"CITIBANK, N.A.",62,247,79,54,6,64,3,4,1,520
2017,7,"EQUIFAX, INC.",0,1,2189,32,0,0,1,1,0,2224
2017,7,Experian Information Solutions Inc.,1,3,2052,44,0,1,1,1,0,2103
2017,7,JPMORGAN CHASE & CO.,227,248,76,33,23,139,4,2,20,772
2017,7,"Navient Solutions, LLC.",0,1,59,51,0,0,0,573,0,684
2017,7,Ocwen Financial Corporation,0,0,11,5,0,170,0,0,0,186
2017,7,"TRANSUNION INTERMEDIATE HOLDINGS, INC.",0,1,2253,23,1,0,1,2,0,2281
2017,7,WELLS FARGO & COMPANY,206,81,61,40,21,277,13,15,19,733
2017,8,"BANK OF AMERICA, NATIONAL ASSOCIATION",260,146,59,37,21,153,7,0,3,686
2017,8,CAPITAL ONE FINANCIAL CORPORATION,52,244,114,88,1,14,0,0,24,537
2017,8,"CITIBANK, N.A.",66,297,86,62,3,68,2,3,0,587
2017,8,"EQUIFAX, INC.",0,4,2339,41,0,0,0,1,3,2388
2017,8,Experian Information Solutions Inc.,0,6,2260,43,0,1,1,0,3,2314
2017,8,JPMORGAN CHASE & CO.,205,194,76,29,17,138,4,1,24,688
2017,8,"Navient Solutions, LLC.",0,0,59,56,0,0,0,548,0,663
2017,8,Ocwen Financial Corporation,0,0,17,14,1,172,0,0,0,204
2017,8,"TRANSUNION INTERMEDIATE HOLDINGS, INC.",1,4,2337,36,0,0,0,2,2,2382
2017,8,WELLS FARGO & COMPANY,220,87,62,34,16,289,20,19,25,772
2017,9,"BANK OF AMERICA, NATIONAL ASSOCIATION",259,145,63,34,7,132,3,3,7,653
2017,9,CAPITAL ONE FINANCIAL CORPORATION,53,276,113,58,4,10,0,0,17,531
2017,9,"CITIBANK, N.A.",65,291,83,44,5,53,2,4,0,547
2017,9,"EQUIFAX, INC.",2,7,9680,42,0,0,1,2,2,9736
2017,9,Experian Information Solutions Inc.,0,1,2351,30,1,1,1,2,3,2390
2017,9,JPMORGAN CHASE & CO.,235,195,78,31,14,159,3,2,13,730
2017,9,"Navient Solutions, LLC.",0,0,49,50,1,0,2,395,0,497
2017,9,Ocwen Financial Corporation,0,0,8,7,0,143,0,0,0,158
2017,9,"TRANSUNION INTERMEDIATE HOLDINGS, INC.",0,3,2389,31,0,0,0,0,2,2425
2017,9,WELLS FARGO & COMPANY,176,84,61,27,14,276,20,21,23,702
2017,10,"BANK OF AMERICA, NATIONAL ASSOCIATION",253,145,66,34,19,166,6,2,6,697
2017,10,CAPITAL ONE FINANCIAL CORPORATION,47,257,154,67,3,12,0,0,22,562
2017,10,"CITIBANK, N.A.",67,291,102,68,4,64,1,7,1,605
2017,10,"EQUIFAX, INC.",0,5,2597,49,0,1,0,0,1,2653
2017,10,Experian Information Solutions Inc.,0,1,2096,37,0,1,0,1,1,2137
2017,10,JPMORGAN CHASE & CO.,209,182,92,31,11,139,2,0,14,680
2017,10,"Navient Solutions, LLC.",0,0,36,56,1,0,0,420,0,513
2017,10,Ocwen Financial Corporation,0,0,17,12,0,153,1,0,0,183
2017,10,"TRANSUNION INTERMEDIATE HOLDINGS, INC.",1,2,2052,39,0,2,0,0,1,2097
2017,10,WELLS FARGO & COMPANY,164,90,75,40,15,254,22,15,33,708
2017,11,"BANK OF AMERICA, NATIONAL ASSOCIATION",308,142,51,42,21,126,3,0,4,697
2017,11,CAPITAL ONE FINANCIAL CORPORATION,47,285,168,77,8,15,1,0,19,620
2017,11,"CITIBANK, N.A.",64,278,92,61,6,47,1,6,1,556
2017,11,"EQUIFAX, INC.",1,1,2102,31,0,2,0,0,1,2138
2017,11,Experian Information Solutions Inc.,0,3,1923,37,0,2,0,0,0,1965
2017,11,JPMORGAN CHASE & CO.,207,201,59,36,14,120,1,2,17,657
2017,11,"Navient Solutions, LLC.",0,0,50,41,0,0,1,344,0,436
2017,11,Ocwen Financial Corporation,0,0,10,10,0,175,0,0,0,195
2017,11,"TRANSUNION INTERMEDIATE HOLDINGS, INC.",0,2,1971,41,0,2,1,2,0,2019
2017,11,WELLS FARGO & COMPANY,185,66,72,40,14,207,17,9,23,633
2017,12,"BANK OF AMERICA, NATIONAL ASSOCIATION",270,137,66,29,22,138,5,0,6,673
2017,12,CAPITAL ONE FINANCIAL CORPORATION,62,258,138,58,29,14,1,1,17,578
2017,12,"CITIBANK, N.A.",60,283,80,58,6,52,0,5,1,545
2017,12,"EQUIFAX, INC.",0,1,1970,35,0,1,0,2,0,2009
2017,12,Experian Information Solutions Inc.,0,1,2031,44,1,0,0,1,2,2080
2017,12,JPMORGAN CHASE & CO.,193,204,87,25,14,104,3,3,21,654
2017,12,"Navient Solutions, LLC.",0,0,49,49,0,0,0,282,0,380
2017,12,Ocwen Financial Corporation,0,0,9,4,0,112,0,0,0,125
2017,12,"TRANSUNION INTERMEDIATE HOLDINGS, INC.",0,1,1860,35,0,1,0,1,1,1899
2017,12,WELLS FARGO & COMPANY,154,80,49,27,17,210,14,8,23,582
2018,1,"BANK OF AMERICA, NATIONAL ASSOCIATION",276,162,84,44,21,115,1,2,6,711
2018,1,CAPITAL ONE FINANCIAL CORPORATION,76,290,218,71,11,12,3,0,20,701
2018,1,"CITIBANK, N.A.",74,333,119,74,6,49,1,2,0,658
2018,1,"EQUIFAX, INC.",0,6,2311,54,0,2,0,0,3,2376
2018,1,Experian Information Solutions Inc.,0,5,2472,58,1,0,0,0,3,2539
2018,1,JPMORGAN CHASE & CO.,223,212,127,36,18,100,3,1,25,745
2018,1,"Navient Solutions, LLC.",0,0,59,44,0,0,1,425,0,529
2018,1,Ocwen Financial Corporation,1,0,16,8,0,131,0,0,0,156
2018,1,"TRANSUNION INTERMEDIATE HOLDINGS, INC.",0,3,2322,48,1,0,0,0,2,2376
2018,1,WELLS FARGO & COMPANY,207,86,93,36,23,207,16,9,37,714
2018,2,"BANK OF AMERICA, NATIONAL ASSOCIATION",272,138,74,40,13,118,2,1,4,662
2018,2,CAPITAL ONE FINANCIAL CORPORATION,53,245,206,62,3,9,1,0,19,598
2018,2,"CITIBANK, N.A.",74,311,110,59,8,40,3,3,0,608
2018,2,"EQUIFAX, INC.",0,2,2439,40,1,1,0,0,1,2484
2018,2,Experian Information Solutions Inc.,0,4,2522,48,0,1,0,0,3,2578
2018,2,JPMORGAN CHASE & CO.,233,213,106,30,20,99,1,2,19,723
2018,2,"Navient Solutions, LLC.",0,0,49,50,0,0,1,330,0,430
2018,2,Ocwen Financial Corporation,0,0,18,12,0,113,0,0,0,143
2018,2,"TRANSUNION INTERMEDIATE HOLDINGS, INC.",0,4,2260,43,0,1,0,1,1,2310
2018,2,WELLS FARGO & COMPANY,178,80,85,36,24,237,11,14,32,697
2018,3,"BANK OF AMERICA, NATIONAL ASSOCIATION",313,149,82,55,28,156,2,1,4,790
2018,3,CAPITAL ONE FINANCIAL CORPORATION,82,330,199,83,8,14,7,0,22,745
2018,3,"CITIBANK, N.A.",84,312,116,69,6,50,4,2,1,644
2018,3,"EQUIFAX, INC.",0,2,2348,55,0,1,0,0,0,2406
2018,3,Experian Information Solutions Inc.,1,7,2571,69,0,0,0,0,0,2648
2018,3,JPMORGAN CHASE & CO.,275,207,122,40,23,118,2,5,19,811
2018,3,"Navient Solutions, LLC.",0,0,48,41,0,0,0,408,0,497
2018,3,Ocwen Financial Corporation,0,0,9,8,0,129,0,0,0,146
2018,3,"TRANSUNION INTERMEDIATE HOLDINGS, INC.",0,1,2369,74,1,0,1,0,0,2446
2018,3,WELLS FARGO & COMPANY,227,109,104,36,24,289,12,15,26,842
2018,4,"BANK OF AMERICA, NATIONAL ASSOCIATION",373,218,78,36,46,155,15,1,14,936
2018,4,CAPITAL ONE FINANCIAL CORPORATION,59,322,189,114,5,9,3,0,25,726
2018,4,"CITIBANK, N.A.",80,353,116,67,14,59,7,7,2,705
2018,4,"EQUIFAX, INC.",0,1,2581,65,0,0,0,0,0,2647
2018,4,Experian Information Solutions Inc.,2,4,2737,79,0,0,0,1,2,2825
2018,4,JPMORGAN CHASE & CO.,279,297,101,41,20,149,5,4,24,920
2018,4,"Navient Solutions, LLC.",0,0,47,42,0,0,3,392,0,484
2018,4,Ocwen Financial Corporation,0,0,12,12,1,149,0,0,0,174
2018,4,"TRANSUNION INTERMEDIATE HOLDINGS, INC.",0,0,2524,71,0,1,0,1,2,2599
2018,4,WELLS FARGO & COMPANY,233,128,87,55,31,401,19,14,47,1015
2018,5,"BANK OF AMERICA, NATIONAL ASSOCIATION",305,179,62,46,25,131,7,0,7,762
2018,5,CAPITAL ONE FINANCIAL CORPORATION,114,286,184,120,7,3,1,0,18,733
2018,5,"CITIBANK, N.A.",80,305,91,67,6,29,3,2,1,584
2018,5,"EQUIFAX, INC.",0,4,2448,75,1,0,1,0,0,2529
2018,5,Experian Information Solutions Inc.,0,2,2457,87,0,1,0,1,0,2548
2018,5,JPMORGAN CHASE & CO.,242,280,90,32,32,125,0,5,22,828
2018,5,"Navient Solutions, LLC.",0,0,56,46,0,0,0,342,0,444
2018,5,Ocwen Financial Corporation,0,0,17,11,0,147,0,0,0,175
2018,5,"TRANSUNION INTERMEDIATE HOLDINGS, INC.",0,2,2375,74,0,0,1,0,0,2452
2018,5,WELLS FARGO & COMPANY,226,77,81,58,36,275,16,14,35,818
2018,6,"BANK OF AMERICA, NATIONAL ASSOCIATION",291,163,71,31,25,96,2,2,5,686
2018,6,CAPITAL ONE FINANCIAL CORPORATION,136,293,139,81,16,3,3,0,16,687
2018,6,"CITIBANK, N.A.",68,269,84,58,4,18,3,4,0,508
2018,6,"EQUIFAX, INC.",0,5,2206,99,0,0,0,1,0,2311
2018,6,Experian Information Solutions Inc.,0,4,2256,113,1,0,0,0,1,2375
2018,6,JPMORGAN CHASE & CO.,240,200,75,23,28,94,3,1,19,683
2018,6,"Navient Solutions, LLC.",1,0,37,38,0,0,0,285,0,361
2018,6,Ocwen Financial Corporation,0,1,10,3,0,102,0,0,0,116
2018,6,"TRANSUNION INTERMEDIATE HOLDINGS, INC.",0,3,2091,96,0,0,0,0,0,2190
2018,6,WELLS FARGO & COMPANY,199,71,70,53,39,225,12,12,25,706
2018,7,"BANK OF AMERICA, NATIONAL ASSOCIATION",319,162,54,30,33,122,5,0,6,731
2018,7,CAPITAL ONE FINANCIAL CORPORATION,85,278,129,81,10,7,0,0,11,601
2018,7,"CITIBANK, N.A.",89,292,68,46,13,35,7,1,1,552
2018,7,"EQUIFAX, INC.",0,2,2436,83,0,0,1,0,1,2523
2018,7,Experian Information Solutions Inc.,0,1,2394,74,0,0,0,0,0,2469
2018,7,JPMORGAN CHASE & CO.,234,219,73,27,28,115,2,2,22,722
2018,7,"Navient Solutions, LLC.",0,0,43,33,0,1,0,357,0,434
2018,7,Ocwen Financial Corporation,0,0,12,5,0,95,0,0,0,112
2018,7,"TRANSUNION INTERMEDIATE HOLDINGS, INC.",0,0,2271,54,0,0,0,1,0,2326
2018,7,WELLS FARGO & COMPANY,234,70,63,30,32,216,20,4,27,696
2018,8,"BANK OF AMERICA, NATIONAL ASSOCIATION",284,167,63,43,21,111,1,1,9,700
2018,8,CAPITAL ONE FINANCIAL CORPORATION,58,263,134,80,4,10,3,0,16,568
2018,8,"CITIBANK, N.A.",69,339,95,69,8,26,2,2,1,611
2018,8,"EQUIFAX, INC.",0,5,2464,121,0,0,0,0,0,2590
2018,8,Experian Information Solutions Inc.,0,2,2445,119,0,0,0,0,0,2566
2018,8,JPMORGAN CHASE & CO.,243,214,96,37,32,97,2,2,23,746
2018,8,"Navient Solutions, LLC.",0,0,50,52,0,0,2,321,0,425
2018,8,Ocwen Financial Corporation,0,0,14,7,0,128,0,0,0,149
2018,8,"TRANSUNION INTERMEDIATE HOLDINGS, INC.",0,3,2310,115,0,0,1,0,0,2429
2018,8,WELLS FARGO & COMPANY,217,76,64,43,36,287,15,11,27,776
2018,9,"BANK OF AMERICA, NATIONAL ASSOCIATION",292,143,66,31,29,110,3,2,2,678
2018,9,CAPITAL ONE FINANCIAL CORPORATION,62,245,155,66,5,6,2,0,28,569
2018,9,"CITIBANK, N.A.",93,277,76,42,4,25,3,2,1,523
2018,9,"EQUIFAX, INC.",1,12,2281,75,0,0,0,0,0,2369
2018,9,Experian Information Solutions Inc.,0,4,2103,57,0,0,0,0,1,2165
2018,9,JPMORGAN CHASE & CO.,227,187,77,33,13,85,0,4,14,640
2018,9,"Navient Solutions, LLC.",0,0,38,27,1,0,0,290,0,356
2018,9,Ocwen Financial Corporation,0,0,9,7,0,94,0,0,0,110
2018,9,"TRANSUNION INTERMEDIATE HOLDINGS, INC.",0,0,2173,61,0,0,0,0,1,2235
2018,9,WELLS FARGO & COMPANY,176,76,55,31,35,240,5,10,30,658
2018,10,"BANK OF AMERICA, NATIONAL ASSOCIATION",278,197,68,37,35,121,2,1,2,741
2018,10,CAPITAL ONE FINANCIAL CORPORATION,77,278,158,81,5,2,1,0,32,634
2018,10,"CITIBANK, N.A.",166,302,87,48,9,38,4,1,1,656
2018,10,"EQUIFAX, INC.",0,2,2724,89,0,2,0,0,1,2818
2018,10,Experian Information Solutions Inc.,0,6,2540,78,1,2,1,0,1,2629
2018,10,JPMORGAN CHASE & CO.,270,218,79,21,37,88,0,4,10,727
2018,10,"Navient Solutions, LLC.",1,0,39,42,0,0,1,289,0,372
2018,10,Ocwen Financial Corporation,0,0,9,7,0,116,0,0,0,132
2018,10,"TRANSUNION INTERMEDIATE HOLDINGS, INC.",0,2,2517,75,1,0,0,0,1,2596
2018,10,WELLS FARGO & COMPANY,191,71,54,30,30,248,18,8,22,672
2018,11,"BANK OF AMERICA, NATIONAL ASSOCIATION",230,102,46,22,18,73,0,0,5,496
2018,11,CAPITAL ONE FINANCIAL CORPORATION,64,256,154,60,1,4,1,0,15,555
2018,11,"CITIBANK, N.A.",179,263,80,50,11,20,4,2,0,609
2018,11,"EQUIFAX, INC.",0,13,2492,78,0,0,1,1,1,2586
2018,11,Experian Information Solutions Inc.,0,2,2278,59,1,1,0,0,0,2341
2018,11,JPMORGAN CHASE & CO.,262,192,70,26,37,88,2,1,17,695
2018,11,"Navient Solutions, LLC.",0,1,40,40,0,0,0,277,0,358
2018,11,Ocwen Financial Corporation,0,0,10,6,0,100,0,1,0,117
2018,11,"TRANSUNION INTERMEDIATE HOLDINGS, INC.",0,0,2205,62,0,0,0,0,0,2267
2018,11,WELLS FARGO & COMPANY,180,58,47,35,25,204,7,8,13,577
2018,12,"BANK OF AMERICA, NATIONAL ASSOCIATION",190,105,28,13,26,51,1,0,5,419
2018,12,CAPITAL ONE FINANCIAL CORPORATION,100,236,129,68,4,4,0,1,19,561
2018,12,"CITIBANK, N.A.",173,280,70,49,6,26,1,0,0,605
2018,12,"EQUIFAX, INC.",0,13,2318,83,0,1,0,1,2,2418
2018,12,Experian Information Solutions Inc.,1,4,2151,75,0,2,0,1,4,2238
2018,12,JPMORGAN CHASE & CO.,257,205,61,29,24,72,1,0,17,666
2018,12,"Navient Solutions, LLC.",0,1,47,43,1,0,0,320,0,412
2018,12,Ocwen Financial Corporation,0,0,4,2,1,60,0,0,0,67
2018,12,"TRANSUNION INTERMEDIATE HOLDINGS, INC.",1,3,2038,83,0,0,0,1,0,2126
2018,12,WELLS FARGO & COMPANY,199,61,53,23,25,211,11,4,31,618
2019,1,"BANK OF AMERICA, NATIONAL ASSOCIATION",223,128,20,14,21,46,1,0,2,455
2019,1,CAPITAL ONE FINANCIAL CORPORATION,77,278,140,65,9,2,1,0,15,587
2019,1,"CITIBANK, N.A.",113,293,87,50,4,32,5,3,0,587
2019,1,"EQUIFAX, INC.",0,4,2273,73,0,1,0,1,2,2354
2019,1,Experian Information Solutions Inc.,1,5,2200,72,1,0,0,0,1,2280
2019,1,JPMORGAN CHASE & CO.,306,211,80,28,32,78,2,1,18,756
2019,1,"Navient Solutions, LLC.",0,0,31,30,0,0,0,394,0,455
2019,1,Ocwen Financial Corporation,0,0,10,7,0,97,0,0,0,114
2019,1,"TRANSUNION INTERMEDIATE HOLDINGS, INC.",0,1,2087,86,0,1,0,0,1,2176
2019,1,WELLS FARGO & COMPANY,184,65,60,30,28,201,9,7,16,600
2019,2,"BANK OF AMERICA, NATIONAL ASSOCIATION",186,117,28,10,20,51,0,0,2,414
2019,2,CAPITAL ONE FINANCIAL CORPORATION,69,256,158,78,1,0,3,0,15,580
2019,2,"CITIBANK, N.A.",83,282,84,54,5,29,3,3,0,543
2019,2,"EQUIFAX, INC.",0,1,2507,58,1,2,0,0,2,2571
2019,2,Experian Information Solutions Inc.,0,1,2500,83,0,0,1,0,2,2587
2019,2,JPMORGAN CHASE & CO.,214,216,62,34,23,77,1,1,6,634
2019,2,"Navient Solutions, LLC.",0,0,55,40,0,0,0,344,0,439
2019,2,Ocwen Financial Corporation,1,0,13,5,0,71,0,0,0,90
2019,2,"TRANSUNION INTERMEDIATE HOLDINGS, INC.",0,2,2371,84,0,0,0,0,3,2460
2019,2,WELLS FARGO & COMPANY,234,81,74,20,23,194,3,12,18,659
2019,3,"BANK OF AMERICA, NATIONAL ASSOCIATION",245,134,40,18,31,64,3,0,5,540
2019,3,CAPITAL ONE FINANCIAL CORPORATION,55,289,181,72,11,6,3,0,24,641
2019,3,"CITIBANK, N.A.",117,323,95,57,4,22,5,5,0,628
2019,3,"EQUIFAX, INC.",0,10,3079,112,1,2,0,1,1,3206
2019,3,Experian Information Solutions Inc.,1,10,2860,107,0,0,0,1,2,2981
2019,3,JPMORGAN CHASE & CO.,258,230,91,28,40,78,4,3,24,756
2019,3,"Navient Solutions, LLC.",0,0,34,43,0,0,0,319,0,396
2019,3,Ocwen Financial Corporation,0,0,13,5,0,81,0,0,0,99
2019,3,"TRANSUNION INTERMEDIATE HOLDINGS, INC.",0,10,2860,111,0,0,0,0,1,2982
2019,3,WELLS FARGO & COMPANY,223,88,74,55,27,222,10,24,20,743
2019,4,"BANK OF AMERICA, NATIONAL ASSOCIATION",279,176,59,46,40,82,3,2,12,699
2019,4,CAPITAL ONE FINANCIAL CORPORATION,53,279,159,68,5,8,0,0,18,590
2019,4,"CITIBANK, N.A.",104,308,93,50,10,30,3,3,0,601
2019,4,"EQUIFAX, INC.",0,6,3036,98,0,3,0,1,1,3145
2019,4,Experian Information Solutions Inc.,1,5,2807,97,1,0,0,1,0,2912
2019,4,JPMORGAN CHASE & CO.,275,213,92,26,36,82,3,3,19,749
2019,4,"Navient Solutions, LLC.",0,2,28,42,1,0,2,254,0,329
2019,4,Ocwen Financial Corporation,0,0,12,1,1,79,0,0,0,93
2019,4,"TRANSUNION INTERMEDIATE HOLDINGS, INC.",0,4,2918,118,0,0,0,1,1,3042
2019,4,WELLS FARGO & COMPANY,198,87,64,26,21,232,7,14,25,674
2019,5,"BANK OF AMERICA, NATIONAL ASSOCIATION",293,150,68,21,41,69,1,0,7,650
2019,5,CAPITAL ONE FINANCIAL CORPORATION,59,285,170,70,2,5,0,0,18,609
2019,5,"CITIBANK, N.A.",97,306,104,55,6,16,4,2,0,590
2019,5,"EQUIFAX, INC.",0,7,3228,97,0,3,0,2,1,3338
2019,5,Experian Information Solutions Inc.,0,8,3051,100,3,2,0,2,1,3167
2019,5,JPMORGAN CHASE & CO.,283,216,81,30,45,111,0,3,9,778
2019,5,"Navient Solutions, LLC.",0,1,33,21,0,0,0,213,0,268
2019,5,Ocwen Financial Corporation,0,3,12,5,0,87,0,0,0,107
2019,5,"TRANSUNION INTERMEDIATE HOLDINGS, INC.",0,6,3243,121,4,2,2,2,0,3380
2019,5,WELLS FARGO & COMPANY,236,75,81,36,26,220,13,8,23,718
2019,6,"BANK OF AMERICA, NATIONAL ASSOCIATION",287,152,51,27,29,81,3,0,8,638
2019,6,CAPITAL ONE FINANCIAL CORPORATION,64,283,148,89,2,3,1,0,16,606
2019,6,"CITIBANK, N.A.",81,318,95,72,2,8,1,1,0,578
2019,6,"EQUIFAX, INC.",0,8,3386,124,0,1,0,0,0,3519
2019,6,Experian Information Solutions Inc.,1,5,3039,118,0,0,0,0,1,3164
2019,6,JPMORGAN CHASE & CO.,271,205,76,39,31,67,4,0,17,710
2019,6,"Navient Solutions, LLC.",0,0,48,40,0,0,0,236,0,324
2019,6,Ocwen Financial Corporation,0,0,2,3,0,60,0,0,0,65
2019,6,"TRANSUNION INTERMEDIATE HOLDINGS, INC.",0,7,3242,158,1,0,0,1,0,3409
2019,6,WELLS FARGO & COMPANY,211,82,51,43,30,188,10,10,24,649
2019,7,"BANK OF AMERICA, NATIONAL ASSOCIATION",309,165,85,22,36,88,2,1,8,716
2019,7,CAPITAL ONE FINANCIAL CORPORATION,54,314,190,75,6,0,2,0,25,666
2019,7,"CITIBANK, N.A.",100,316,111,60,3,11,1,1,3,606
2019,7,"EQUIFAX, INC.",0,4,3845,106,0,0,0,1,1,3957
2019,7,Experian Information Solutions Inc.,0,4,3148,80,0,0,0,1,2,3235
2019,7,JPMORGAN CHASE & CO.,240,196,88,35,27,82,2,0,18,688
2019,7,"Navient Solutions, LLC.",0,0,42,37,0,0,0,226,0,305
2019,7,Ocwen Financial Corporation,0,0,16,6,0,186,0,0,0,208
2019,7,"TRANSUNION INTERMEDIATE HOLDINGS, INC.",0,3,3559,120,0,1,0,1,2,3686
2019,7,WELLS FARGO & COMPANY,219,83,89,42,35,170,8,10,30,686
2019,8,"BANK OF AMERICA, NATIONAL ASSOCIATION",347,193,63,36,30,88,4,0,6,767
2019,8,CAPITAL ONE FINANCIAL CORPORATION,70,349,168,86,9,2,2,0,22,708
2019,8,"CITIBANK, N.A.",125,324,79,62,6,12,1,1,1,611
2019,8,"EQUIFAX, INC.",0,8,3933,114,2,0,0,1,0,4058
2019,8,Experian Information Solutions Inc.,1,9,3451,113,0,1,0,2,0,3577
2019,8,JPMORGAN CHASE & CO.,288,214,81,29,42,81,2,1,24,762
2019,8,"Navient Solutions, LLC.",0,0,39,40,0,0,1,207,1,288
2019,8,Ocwen Financial Corporation,0,0,12,8,0,178,0,0,0,198
2019,8,"TRANSUNION INTERMEDIATE HOLDINGS, INC.",0,6,3783,138,0,0,1,3,0,3931
2019,8,WELLS FARGO & COMPANY,216,75,78,36,25,140,4,8,20,602
2019,9,"BANK OF AMERICA, NATIONAL ASSOCIATION",294,178,59,38,29,94,1,0,2,695
2019,9,CAPITAL ONE FINANCIAL CORPORATION,57,300,156,98,6,0,1,0,20,638
2019,9,"CITIBANK, N.A.",89,312,82,58,8,9,4,1,0,563
2019,9,"EQUIFAX, INC.",0,3,3624,110,1,4,1,0,0,3743
2019,9,Experian Information Solutions Inc.,0,3,3091,99,0,0,1,0,0,3194
2019,9,JPMORGAN CHASE & CO.,244,181,82,16,32,84,1,0,19,659
2019,9,"Navient Solutions, LLC.",0,1,22,35,0,0,0,173,0,231
2019,9,Ocwen Financial Corporation,0,2,9,1,0,158,0,0,0,170
2019,9,"TRANSUNION INTERMEDIATE HOLDINGS, INC.",1,4,3338,108,0,1,0,0,2,3454
2019,9,WELLS FARGO & COMPANY,171,67,72,28,24,117,9,8,16,512
2019,10,"BANK OF AMERICA, NATIONAL ASSOCIATION",295,170,68,37,30,86,6,0,10,702
2019,10,CAPITAL ONE FINANCIAL CORPORATION,78,374,185,81,8,0,4,0,27,757
2019,10,"CITIBANK, N.A.",111,359,86,49,11,15,2,4,0,637
2019,10,"EQUIFAX, INC.",0,1,3964,80,0,0,0,2,1,4048
2019,10,Experian Information Solutions Inc.,0,5,3528,88,0,0,2,0,2,3625
2019,10,JPMORGAN CHASE & CO.,257,199,59,19,29,75,2,1,16,657
2019,10,"Navient Solutions, LLC.",0,0,33,35,0,0,0,245,0,313
2019,10,Ocwen Financial Corporation,0,1,14,5,1,173,0,0,0,194
2019,10,"TRANSUNION INTERMEDIATE HOLDINGS, INC.",0,0,3668,96,0,0,0,1,0,3765
2019,10,WELLS FARGO & COMPANY,208,84,65,29,29,143,10,9,18,595
2019,11,"BANK OF AMERICA, NATIONAL ASSOCIATION",268,145,62,29,20,67,4,1,7,603
2019,11,CAPITAL ONE FINANCIAL CORPORATION,96,348,150,78,3,0,1,0,16,692
2019,11,"CITIBANK, N.A.",104,316,58,51,10,14,2,3,1,559
2019,11,"EQUIFAX, INC.",0,6,3480,83,0,0,0,0,0,3569
2019,11,Experian Information Solutions Inc.,1,6,3105,67,0,0,0,0,0,3179
2019,11,JPMORGAN CHASE & CO.,210,162,48,24,25,52,4,1,15,541
2019,11,"Navient Solutions, LLC.",0,3,37,31,0,0,0,183,0,254
2019,11,Ocwen Financial Corporation,0,0,3,10,1,137,0,0,0,151
2019,11,"TRANSUNION INTERMEDIATE HOLDINGS, INC.",0,4,3266,75,0,0,1,0,1,3347
2019,11,WELLS FARGO & COMPANY,151,65,75,18,16,126,5,6,16,478
2019,12,"BANK OF AMERICA, NATIONAL ASSOCIATION",294,178,46,21,32,74,4,0,7,656
2019,12,CAPITAL ONE FINANCIAL CORPORATION,52,310,132,59,6,0,0,0,21,580
2019,12,"CITIBANK, N.A.",99,326,61,55,6,10,3,1,1,562
2019,12,"EQUIFAX, INC.",0,6,3352,49,0,1,0,0,1,3409
2019,12,Experian Information Solutions Inc.,0,5,3034,62,0,0,0,0,2,3103
2019,12,JPMORGAN CHASE & CO.,203,172,57,20,28,73,3,0,14,570
2019,12,"Navient Solutions, LLC.",0,0,26,26,0,0,0,142,0,194
2019,12,Ocwen Financial Corporation,0,0,9,12,0,142,0,0,0,163
2019,12,"TRANSUNION INTERMEDIATE HOLDINGS, INC.",1,4,3178,59,0,0,0,0,0,3242
2019,12,WELLS FARGO & COMPANY,186,78,57,35,22,112,4,4,9,507
2020,1,"BANK OF AMERICA, NATIONAL ASSOCIATION",300,185,72,29,30,66,2,1,8,693
2020,1,CAPITAL ONE FINANCIAL CORPORATION,75,385,188,87,11,1,1,0,18,766
2020,1,"CITIBANK, N.A.",108,354,70,44,9,9,3,1,1,599
2020,1,"EQUIFAX, INC.",0,3,4364,77,0,0,0,1,1,4446
2020,1,Experian Information Solutions Inc.,0,3,4000,61,0,1,0,0,0,4065
2020,1,JPMORGAN CHASE & CO.,234,184,68,24,21,71,1,0,13,616
2020,1,"Navient Solutions, LLC.",0,0,25,27,2,0,0,169,0,223
2020,1,Ocwen Financial Corporation,1,0,6,2,0,149,0,0,0,158
2020,1,"TRANSUNION INTERMEDIATE HOLDINGS, INC.",0,5,4234,67,0,1,1,0,0,4308
2020,1,WELLS FARGO & COMPANY,217,63,80,31,22,125,6,6,11,561
2020,2,"BANK OF AMERICA, NATIONAL ASSOCIATION",261,152,60,28,30,79,5,2,9,626
2020,2,CAPITAL ONE FINANCIAL CORPORATION,65,335,176,82,7,0,4,0,22,691
2020,2,"CITIBANK, N.A.",94,392,83,51,8,6,2,2,0,638
2020,2,"EQUIFAX, INC.",0,0,3851,118,0,1,0,1,0,3971
2020,2,Experian Information Solutions Inc.,0,4,3763,116,1,1,0,1,2,3888
2020,2,JPMORGAN CHASE & CO.,230,193,50,25,19,65,3,1,11,597
2020,2,"Navient Solutions, LLC.",0,0,33,18,0,0,1,169,0,221
2020,2,Ocwen Financial Corporation,0,0,13,16,2,129,0,0,0,160
2020,2,"TRANSUNION INTERMEDIATE HOLDINGS, INC.",0,3,3743,132,0,2,0,1,0,3881
2020,2,WELLS FARGO & COMPANY,195,75,68,24,19,153,1,7,15,557
2020,3,"BANK OF AMERICA, NATIONAL ASSOCIATION",275,190,63,16,40,83,1,2,10,680
2020,3,CAPITAL ONE FINANCIAL CORPORATION,52,338,182,90,7,0,2,0,26,697
2020,3,"CITIBANK, N.A.",81,433,102,50,8,7,4,1,0,686
2020,3,"EQUIFAX, INC.",0,3,5024,192,0,2,0,0,0,5221
2020,3,Experian Information Solutions Inc.,0,4,4665,197,0,0,1,0,0,4867
2020,3,JPMORGAN CHASE & CO.,245,200,83,26,33,98,2,0,20,707
2020,3,"Navient Solutions, LLC.",0,0,36,21,0,0,0,148,0,205
2020,3,Ocwen Financial Corporation,0,0,13,6,0,151,0,0,0,170
2020,3,"TRANSUNION INTERMEDIATE HOLDINGS, INC.",1,4,5031,185,2,0,0,1,1,5225
2020,3,WELLS FARGO & COMPANY,188,74,77,37,30,163,11,7,20,607
2020,4,"BANK OF AMERICA, NATIONAL ASSOCIATION",312,243,91,30,44,88,12,0,8,828
2020,4,CAPITAL ONE FINANCIAL CORPORATION,72,371,219,93,3,1,3,0,25,787
2020,4,"CITIBANK, N.A.",114,539,111,62,10,9,3,0,0,848
2020,4,"EQUIFAX, INC.",2,7,6392,183,1,1,0,0,1,6587
2020,4,Experian Information Solutions Inc.,0,7,5989,192,1,0,1,0,0,6190
2020,4,JPMORGAN CHASE & CO.,275,274,96,20,33,101,10,0,22,831
2020,4,"Navient Solutions, LLC.",0,0,49,20,0,0,0,141,0,210
2020,4,Ocwen Financial Corporation,0,0,6,4,0,140,0,0,0,150
2020,4,"TRANSUNION INTERMEDIATE HOLDINGS, INC.",1,6,6170,179,1,0,1,0,0,6358
2020,4,WELLS FARGO & COMPANY,192,86,85,33,25,134,18,13,23,609
2020,5,"BANK OF AMERICA, NATIONAL ASSOCIATION",33,21,10,2,3,10,1,0,0,80
2020,5,CAPITAL ONE FINANCIAL CORPORATION,30,192,106,39,4,0,1,0,11,383
2020,5,"CITIBANK, N.A.",14,56,24,4,2,2,1,1,0,104
2020,5,"EQUIFAX, INC.",0,2,565,9,0,0,0,0,0,576
2020,5,Experian Information Solutions Inc.,0,0,956,17,0,0,0,0,0,973
2020,5,JPMORGAN CHASE & CO.,50,51,10,2,8,12,0,0,4,137
2020,5,"Navient Solutions, LLC.",0,0,5,3,0,0,0,34,0,42
2020,5,Ocwen Financial Corporation,0,0,5,2,0,27,0,0,0,34
2020,5,"TRANSUNION INTERMEDIATE HOLDINGS, INC.",0,3,3625,88,0,0,0,0,0,3716
2020,5,WELLS FARGO & COMPANY,37,16,17,4,7,20,1,0,2,104
2011,12,All,0,1260,0,0,0,1276,0,0,0,2536
2012,1,All,0,1167,0,0,0,2063,0,0,0,3230
2012,2,All,0,1212,0,0,0,2297,0,0,0,3509
2012,3,All,1191,1378,0,0,0,2996,141,524,0,6230
2012,4,All,1256,1173,0,0,0,2852,173,249,0,5703
2012,5,All,1668,1468,0,0,0,4048,259,174,0,7617
2012,6,All,1394,1699,0,0,0,3961,218,569,0,7841
2012,7,All,1299,1505,0,0,0,3514,195,242,0,6755
2012,8,All,1258,1281,0,0,0,3898,222,218,0,6877
2012,9,All,1086,994,0,0,0,3053,174,186,0,5493
2012,10,All,1206,1358,360,0,0,3319,232,266,0,6741
2012,11,All,940,1086,782,0,0,2931,175,225,0,6139
2012,12,All,914,1032,731,0,0,3177,197,187,0,6238
2013,1,All,1233,1162,911,0,0,5931,239,265,0,9741
2013,2,All,1078,1142,1065,0,0,4624,206,234,0,8349
2013,3,All,1221,1280,1098,0,0,4692,253,240,0,8784
2013,4,All,1005,1216,1151,0,41,4720,262,237,0,8632
2013,5,All,1021,1072,1207,0,36,4372,261,201,0,8170
2013,6,All,1051,1022,1112,0,51,4367,248,184,0,8035
2013,7,All,1180,1036,1249,900,50,4352,255,249,0,9271
2013,8,All,1119,1076,1253,1494,55,4037,271,260,0,9565
2013,9,All,1129,1085,1447,2003,62,3368,289,253,0,9636
2013,10,All,1226,1062,1290,1793,86,3193,280,311,0,9241
2013,11,All,1047,950,1300,2448,87,2884,335,268,0,9319
2013,12,All,1078,1002,1297,2431,91,2860,412,303,0,9474
2014,1,All,1259,1190,2357,3268,97,3599,493,354,0,12617
2014,2,All,1178,1237,2538,3370,84,3860,432,349,0,13048
2014,3,All,1286,1263,2589,3590,105,4179,528,403,0,13943
2014,4,All,1277,1297,2549,3695,112,4030,515,365,0,13840
2014,5,All,1236,1101,2300,3204,100,3457,424,345,0,12167
2014,6,All,1223,1070,2465,3397,117,3426,470,352,0,12520
2014,7,All,1342,1197,2670,3480,84,3637,649,356,0,13415
2014,8,All,1180,1278,2690,3233,95,3601,767,342,0,13186
2014,9,All,1186,1232,2506,2890,108,3437,742,364,0,12465
2014,10,All,1284,1152,2292,3222,84,3747,748,372,0,12901
2014,11,All,1074,1119,2196,2816,75,2973,663,341,0,11257
2014,12,All,1137,1174,2203,2974,109,3015,732,340,0,11684
2015,1,All,1260,1220,2692,3256,105,3010,730,354,0,12627
2015,2,All,1109,1484,2403,3412,90,3052,758,372,0,12680
2015,3,All,1315,1547,2855,3879,131,3557,798,432,0,14514
2015,4,All,1340,1478,2707,3368,132,3618,681,429,0,13753
2015,5,All,1291,1545,2680,3334,147,3590,711,384,0,13682
2015,6,All,1511,1533,2737,3479,151,3962,768,376,0,14517
2015,7,All,1532,1633,3724,3782,161,3747,930,411,0,15920
2015,8,All,1552,1587,3465,3566,145,4132,909,410,0,15766
2015,9,All,1463,1627,2910,3150,115,3797,875,399,0,14336
2015,10,All,1758,2233,2832,3015,178,3652,877,354,0,14899
2015,11,All,1510,1610,2876,2621,130,3141,723,286,0,12897
2015,12,All,1499,1587,2703,2862,141,3087,711,294,0,12884
2016,1,All,1663,1689,2792,2924,134,3486,819,333,0,13840
2016,2,All,1388,1639,3075,3222,139,3439,862,376,0,14140
2016,3,All,1539,1741,4085,3525,133,3893,878,817,0,16611
2016,4,All,1396,1675,3807,3243,127,3517,917,926,0,15608
2016,5,All,1686,1686,3845,3064,143,3480,903,710,0,15517
2016,6,All,1990,1684,3961,3233,130,3510,918,637,0,16063
2016,7,All,1848,1862,4418,3020,108,3186,908,693,0,16043
2016,8,All,2003,2130,3993,4163,153,3488,995,769,0,17694
2016,9,All,2422,2280,3657,3537,141,3680,1014,853,0,17584
2016,10,All,2188,2160,4376,3579,127,3543,1102,745,0,17820
2016,11,All,1852,1832,3323,3288,131,3191,909,681,0,15207
2016,12,All,1873,1937,3214,3668,108,3053,941,547,0,15341
2017,1,All,1989,2028,4028,3730,111,3304,1071,4745,0,21006
2017,2,All,1792,1951,4174,3949,104,2923,1023,2194,0,18110
2017,3,All,1939,2194,4759,4605,136,3248,1159,1722,0,19762
2017,4,All,1583,1870,5754,4173,164,2571,878,1442,109,18544
2017,5,All,1385,1953,7108,4163,273,2666,325,1024,408,19305
2017,6,All,1734,1807,6924,3713,369,2350,317,893,460,18567
2017,7,All,1675,1835,8185,4223,416,2294,365,1029,411,20433
2017,8,All,1574,1902,8789,4376,418,2448,389,1019,487,21402
2017,9,All,1574,1872,16095,3541,351,2265,354,865,440,27357
2017,10,All,1467,1882,8735,4032,290,2304,388,879,479,20456
2017,11,All,1594,1854,7900,3564,360,2169,374,707,468,18990
2017,12,All,1413,1838,7696,3884,717,2035,365,654,432,19034
2018,1,All,1739,2140,9622,4908,1221,2126,402,895,598,23651
2018,2,All,1611,1936,9686,4474,574,2099,385,738,475,21978
2018,3,All,1762,2130,9875,5267,471,2422,361,842,510,23640
2018,4,All,1911,2328,10338,4757,409,2725,444,829,586,24327
2018,5,All,1833,2128,9475,4736,363,2221,313,733,537,22339
2018,6,All,1755,1868,8495,4256,388,1884,345,664,456,20111
2018,7,All,1814,1990,9140,3999,347,2016,344,822,491,20963
2018,8,All,1695,2128,9449,4413,368,2085,386,732,470,21726
2018,9,All,1669,1819,8403,3681,300,1780,305,653,462,19072
2018,10,All,1904,2131,9850,4087,356,1966,450,667,492,21903
2018,11,All,1717,1833,8927,3348,304,1634,317,570,403,19053
2018,12,All,1801,1818,8365,3259,332,1618,316,631,412,18552
2019,1,All,1795,1906,8514,3127,344,1780,324,759,385,18934
2019,2,All,1623,1889,9367,3787,335,1749,292,729,435,20206
2019,3,All,1820,2227,11001,4227,416,2005,389,796,531,23412
2019,4,All,1818,2150,11058,3983,399,1993,333,706,475,22915
2019,5,All,1876,2141,11921,4135,456,1945,338,579,459,23850
2019,6,All,1815,2156,11742,4051,419,1858,336,533,442,23352
2019,7,All,1844,2234,13006,4014,473,2012,407,587,513,25090
2019,8,All,2062,2311,13521,4231,480,2035,421,523,475,26059
2019,9,All,1759,2138,12096,3976,467,1856,351,469,463,23575
2019,10,All,1936,2358,13212,4022,483,2071,430,622,502,25636
2019,11,All,1718,2177,11849,3527,391,1717,371,490,419,22659
2019,12,All,1674,2148,11308,3324,423,1687,331,419,390,21704
2020,1,All,1845,2403,14848,3768,393,1834,325,534,463,26413
2020,2,All,1725,2303,13602,3981,389,1825,336,488,447,25096
2020,3,All,1688,2435,17243,4206,462,2132,391,476,485,29518
2020,4,All,2029,3139,21379,4505,637,2175,420,472,542,35298
2020,5,All,316,553,5757,917,104,308,56,79,98,8188
